insert into regiao values (1, 'Norte', 3689000); 
insert into regiao values (2, 'Centro', 2327000);
insert into regiao values (3, 'Lisboa', 2000000);
insert into regiao values (4, 'Alentejo', 1001313); 
insert into regiao values (5, 'Algarve', 451000); 
insert into concelho values (1, 1, 'Amares', 212297); 
insert into concelho values (2, 1, 'Barcelos', 46060); 
insert into concelho values (3, 1, 'Braga', 203747); 
insert into concelho values (4, 1, 'Cabeceiras de Basto', 364962); 
insert into concelho values (5, 1, 'Celorico de Basto', 449651); 
insert into concelho values (6, 1, 'Esposende', 160384); 
insert into concelho values (7, 1, 'Fafe', 92012); 
insert into concelho values (8, 1, 'Guimarães', 116708); 
insert into concelho values (9, 1, 'Póvoa de Lanhoso', 178111); 
insert into concelho values (10, 1, 'Terras de Bouro', 338650); 
insert into concelho values (11, 1, 'Vieira do Minho', 35990); 
insert into concelho values (12, 1, 'Vila Nova de Famalicão', 495138); 
insert into concelho values (13, 1, 'Vila Verde', 457423); 
insert into concelho values (14, 1, 'Vizela', 453747); 
insert into concelho values (15, 1, 'Alfândega da Fé', 312970); 
insert into concelho values (16, 1, 'Bragança', 306755); 
insert into concelho values (17, 1, 'Carrazeda de Ansiães', 295851); 
insert into concelho values (18, 1, 'Freixo de Espada à Cinta', 200297); 
insert into concelho values (19, 1, 'Macedo de Cavaleiros', 397960); 
insert into concelho values (20, 1, 'Miranda do Douro', 303858); 
insert into concelho values (21, 1, 'Mirandela', 289630); 
insert into concelho values (22, 1, 'Mogadouro', 190400); 
insert into concelho values (23, 1, 'Torre de Moncorvo', 255590); 
insert into concelho values (24, 1, 'Vila Flor', 36370); 
insert into concelho values (25, 1, 'Vimioso', 309822); 
insert into concelho values (26, 1, 'Vinhais', 47418); 
insert into concelho values (27, 1, 'Amarante', 16654); 
insert into concelho values (28, 1, 'Baião', 215479); 
insert into concelho values (29, 1, 'Felgueiras', 378251); 
insert into concelho values (30, 1, 'Gondomar', 240552); 
insert into concelho values (31, 1, 'Lousada', 405829); 
insert into concelho values (32, 1, 'Maia', 64753); 
insert into concelho values (33, 1, 'Marco de Canaveses', 139689); 
insert into concelho values (34, 1, 'Matosinhos', 255870); 
insert into concelho values (35, 1, 'Paços de Ferreira', 59566); 
insert into concelho values (36, 1, 'Paredes', 170969); 
insert into concelho values (37, 1, 'Penafiel', 360865); 
insert into concelho values (38, 1, 'Porto', 499377); 
insert into concelho values (39, 1, 'Póvoa de Varzim', 442002); 
insert into concelho values (40, 1, 'Santo Tirso', 289868); 
insert into concelho values (41, 1, 'Valongo', 492875); 
insert into concelho values (42, 1, 'Vila do Conde', 113694); 
insert into concelho values (43, 1, 'Vila Nova de Gaia', 390732); 
insert into concelho values (44, 1, 'Trofa', 84577); 
insert into concelho values (45, 1, 'Arcos de Valdevez', 86760); 
insert into concelho values (46, 1, 'Caminha', 101828); 
insert into concelho values (47, 1, 'Melgaço', 280379); 
insert into concelho values (48, 1, 'Monção', 417542); 
insert into concelho values (49, 1, 'Paredes de Coura', 226017); 
insert into concelho values (50, 1, 'Ponte da Barca', 430361); 
insert into concelho values (51, 1, 'Ponte de Lima', 105554); 
insert into concelho values (52, 1, 'Valença', 158390); 
insert into concelho values (53, 1, 'Viana do Castelo', 167116); 
insert into concelho values (54, 1, 'Vila Nova de Cerveira', 32235); 
insert into concelho values (55, 1, 'Alijó', 465873); 
insert into concelho values (56, 1, 'Boticas', 180203); 
insert into concelho values (57, 1, 'Chaves', 72359); 
insert into concelho values (58, 1, 'Mesão Frio', 375211); 
insert into concelho values (59, 1, 'Mondim de Basto', 325653); 
insert into concelho values (60, 1, 'Montalegre', 269648); 
insert into concelho values (61, 1, 'Murça', 169679); 
insert into concelho values (62, 1, 'Peso da Régua', 81930); 
insert into concelho values (63, 1, 'Ribeira de Pena', 150224); 
insert into concelho values (64, 1, 'Sabrosa', 437746); 
insert into concelho values (65, 1, 'Santa Marta de Penaguião', 495399); 
insert into concelho values (66, 1, 'Valpaços', 19104); 
insert into concelho values (67, 1, 'Vila Pouca de Aguiar', 404710); 
insert into concelho values (68, 1, 'Vila Real', 393576); 
insert into concelho values (1, 2, 'Águeda', 456588); 
insert into concelho values (2, 2, 'Albergaria-a-Velha', 146265); 
insert into concelho values (3, 2, 'Anadia', 478578); 
insert into concelho values (4, 2, 'Arouca', 148792); 
insert into concelho values (5, 2, 'Aveiro', 111796); 
insert into concelho values (6, 2, 'Castelo de Paiva', 480112); 
insert into concelho values (7, 2, 'Espinho', 202083); 
insert into concelho values (8, 2, 'Estarreja', 392834); 
insert into concelho values (9, 2, 'Santa Maria da Feira', 395663); 
insert into concelho values (10, 2, 'Ílhavo', 465997); 
insert into concelho values (11, 2, 'Mealhada', 189617); 
insert into concelho values (12, 2, 'Murtosa', 174624); 
insert into concelho values (13, 2, 'Oliveira de Azeméis', 96534); 
insert into concelho values (14, 2, 'Oliveira do Bairro', 206815); 
insert into concelho values (15, 2, 'Ovar', 142792); 
insert into concelho values (16, 2, 'São João da Madeira', 290864); 
insert into concelho values (17, 2, 'Sever do Vouga', 440102); 
insert into concelho values (18, 2, 'Vagos', 298399); 
insert into concelho values (19, 2, 'Vale de Cambra', 338085); 
insert into concelho values (20, 2, 'Belmonte', 329419); 
insert into concelho values (21, 2, 'Castelo Branco', 402982); 
insert into concelho values (22, 2, 'Covilhã', 206288); 
insert into concelho values (23, 2, 'Fundão', 422367); 
insert into concelho values (24, 2, 'Idanha-a-Nova', 257710); 
insert into concelho values (25, 2, 'Oleiros', 177428); 
insert into concelho values (26, 2, 'Penamacor', 348646); 
insert into concelho values (27, 2, 'Proença-a-Nova', 462188); 
insert into concelho values (28, 2, 'Sertã', 34239); 
insert into concelho values (29, 2, 'Vila de Rei', 485913); 
insert into concelho values (30, 2, 'Vila Velha de Ródão', 41894); 
insert into concelho values (31, 2, 'Arganil', 83355); 
insert into concelho values (32, 2, 'Cantanhede', 144131); 
insert into concelho values (33, 2, 'Coimbra', 216769); 
insert into concelho values (34, 2, 'Condeixa-a-Nova', 251089); 
insert into concelho values (35, 2, 'Figueira da Foz', 494355); 
insert into concelho values (36, 2, 'Góis', 298018); 
insert into concelho values (37, 2, 'Lousã', 318298); 
insert into concelho values (38, 2, 'Mira', 133799); 
insert into concelho values (39, 2, 'Miranda do Corvo', 449113); 
insert into concelho values (40, 2, 'Montemor-o-Velho', 37263); 
insert into concelho values (41, 2, 'Oliveira do Hospital', 266703); 
insert into concelho values (42, 2, 'Pampilhosa da Serra', 276112); 
insert into concelho values (43, 2, 'Penacova', 339717); 
insert into concelho values (44, 2, 'Penela', 26535); 
insert into concelho values (45, 2, 'Soure', 445652); 
insert into concelho values (46, 2, 'Tábua', 97148); 
insert into concelho values (47, 2, 'Vila Nova de Poiares', 64277); 
insert into concelho values (48, 2, 'Aguiar da Beira', 439510); 
insert into concelho values (49, 2, 'Almeida', 374353); 
insert into concelho values (50, 2, 'Celorico da Beira', 254823); 
insert into concelho values (51, 2, 'Figueira de Castelo Rodrigo', 463775); 
insert into concelho values (52, 2, 'Fornos de Algodres', 391778); 
insert into concelho values (53, 2, 'Gouveia', 223966); 
insert into concelho values (54, 2, 'Guarda', 240951); 
insert into concelho values (55, 2, 'Manteigas', 35500); 
insert into concelho values (56, 2, 'Mêda', 350090); 
insert into concelho values (57, 2, 'Pinhel', 395234); 
insert into concelho values (58, 2, 'Sabugal', 162709); 
insert into concelho values (59, 2, 'Seia', 302895); 
insert into concelho values (60, 2, 'Trancoso', 315821); 
insert into concelho values (61, 2, 'Vila Nova de Foz Côa', 2584); 
insert into concelho values (62, 2, 'Alcobaça', 275000); 
insert into concelho values (63, 2, 'Alvaiázere', 426850); 
insert into concelho values (64, 2, 'Ansião', 276736); 
insert into concelho values (65, 2, 'Batalha', 119986); 
insert into concelho values (66, 2, 'Bombarral', 25606); 
insert into concelho values (67, 2, 'Caldas da Rainha', 465722); 
insert into concelho values (68, 2, 'Castanheira de Pêra', 491044); 
insert into concelho values (69, 2, 'Figueiró dos Vinhos', 422013); 
insert into concelho values (70, 2, 'Leiria', 399119); 
insert into concelho values (71, 2, 'Marinha Grande', 252303); 
insert into concelho values (72, 2, 'Nazaré', 431291); 
insert into concelho values (73, 2, 'Óbidos', 318284); 
insert into concelho values (74, 2, 'Pedrógão Grande', 116557); 
insert into concelho values (75, 2, 'Peniche', 472502); 
insert into concelho values (76, 2, 'Pombal', 406793); 
insert into concelho values (77, 2, 'Porto de Mós', 266717); 
insert into concelho values (78, 2, 'Armamar', 180328); 
insert into concelho values (79, 2, 'Carregal do Sal', 159599); 
insert into concelho values (80, 2, 'Castro Daire', 349761); 
insert into concelho values (81, 2, 'Cinfães', 58401); 
insert into concelho values (82, 2, 'Lamego', 236092); 
insert into concelho values (83, 2, 'Mangualde', 280028); 
insert into concelho values (84, 2, 'Moimenta da Beira', 343513); 
insert into concelho values (85, 2, 'Mortágua', 71452); 
insert into concelho values (86, 2, 'Nelas', 58158); 
insert into concelho values (87, 2, 'Oliveira de Frades', 218737); 
insert into concelho values (88, 2, 'Penalva do Castelo', 245969); 
insert into concelho values (89, 2, 'Penedono', 119236); 
insert into concelho values (90, 2, 'Resende', 327199); 
insert into concelho values (91, 2, 'Santa Comba Dão', 292511); 
insert into concelho values (92, 2, 'São João da Pesqueira', 397148); 
insert into concelho values (93, 2, 'São Pedro do Sul', 190999); 
insert into concelho values (94, 2, 'Sátão', 81995); 
insert into concelho values (95, 2, 'Sernancelhe', 395171); 
insert into concelho values (96, 2, 'Tabuaço', 93305); 
insert into concelho values (97, 2, 'Tarouca', 262178); 
insert into concelho values (98, 2, 'Tondela', 352890); 
insert into concelho values (99, 2, 'Vila Nova de Paiva', 434067); 
insert into concelho values (100, 2, 'Viseu', 273368); 
insert into concelho values (101, 2, 'Vouzela', 358910); 
insert into concelho values (1, 3, 'Alenquer', 466541); 
insert into concelho values (2, 3, 'Arruda dos Vinhos', 202592); 
insert into concelho values (3, 3, 'Azambuja', 495241); 
insert into concelho values (4, 3, 'Cadaval', 249725); 
insert into concelho values (5, 3, 'Cascais', 472440); 
insert into concelho values (6, 3, 'Lisboa', 301125); 
insert into concelho values (7, 3, 'Loures', 154113); 
insert into concelho values (8, 3, 'Lourinhã', 332480); 
insert into concelho values (9, 3, 'Mafra', 439094); 
insert into concelho values (10, 3, 'Oeiras', 267597); 
insert into concelho values (11, 3, 'Sintra', 220334); 
insert into concelho values (12, 3, 'Sobral de Monte Agraço', 1811); 
insert into concelho values (13, 3, 'Torres Vedras', 131057); 
insert into concelho values (14, 3, 'Vila Franca de Xira', 289008); 
insert into concelho values (15, 3, 'Amadora', 65077); 
insert into concelho values (16, 3, 'Odivelas', 231498); 
insert into concelho values (17, 3, 'Alcácer do Sal', 135099); 
insert into concelho values (18, 3, 'Alcochete', 24214); 
insert into concelho values (19, 3, 'Almada', 233123); 
insert into concelho values (20, 3, 'Barreiro', 208090); 
insert into concelho values (21, 3, 'Grândola', 417684); 
insert into concelho values (22, 3, 'Moita', 130405); 
insert into concelho values (23, 3, 'Montijo', 179519); 
insert into concelho values (24, 3, 'Palmela', 407704); 
insert into concelho values (25, 3, 'Santiago do Cacém', 286630); 
insert into concelho values (26, 3, 'Seixal', 271919); 
insert into concelho values (27, 3, 'Sesimbra', 504181); 
insert into concelho values (28, 3, 'Setúbal', 135017); 
insert into concelho values (29, 3, 'Sines', 156071); 
insert into concelho values (1, 4, 'Aljustrel', 346145); 
insert into concelho values (2, 4, 'Almodôvar', 301715); 
insert into concelho values (3, 4, 'Alvito', 482868); 
insert into concelho values (4, 4, 'Barrancos', 235858); 
insert into concelho values (5, 4, 'Beja', 240255); 
insert into concelho values (6, 4, 'Castro Verde', 114407); 
insert into concelho values (7, 4, 'Cuba', 45538); 
insert into concelho values (8, 4, 'Ferreira do Alentejo', 457525); 
insert into concelho values (9, 4, 'Mértola', 442672); 
insert into concelho values (10, 4, 'Moura', 273803); 
insert into concelho values (11, 4, 'Odemira', 263777); 
insert into concelho values (12, 4, 'Ourique', 416097); 
insert into concelho values (13, 4, 'Serpa', 493638); 
insert into concelho values (14, 4, 'Vidigueira', 318312); 
insert into concelho values (15, 4, 'Alandroal', 126990); 
insert into concelho values (16, 4, 'Arraiolos', 442075); 
insert into concelho values (17, 4, 'Borba', 209716); 
insert into concelho values (18, 4, 'Estremoz', 373200); 
insert into concelho values (19, 4, 'Évora', 239127); 
insert into concelho values (20, 4, 'Montemor-o-Novo', 60698); 
insert into concelho values (21, 4, 'Mora', 248154); 
insert into concelho values (22, 4, 'Mourão', 107046); 
insert into concelho values (23, 4, 'Portel', 188962); 
insert into concelho values (24, 4, 'Redondo', 388954); 
insert into concelho values (25, 4, 'Reguengos de Monsaraz', 411017); 
insert into concelho values (26, 4, 'Vendas Novas', 460304); 
insert into concelho values (27, 4, 'Viana do Alentejo', 416188); 
insert into concelho values (28, 4, 'Vila Viçosa', 255768); 
insert into concelho values (29, 4, 'Alter do Chão', 205973); 
insert into concelho values (30, 4, 'Arronches', 451104); 
insert into concelho values (31, 4, 'Avis', 77054); 
insert into concelho values (32, 4, 'Campo Maior', 326967); 
insert into concelho values (33, 4, 'Castelo de Vide', 214195); 
insert into concelho values (34, 4, 'Crato', 135985); 
insert into concelho values (35, 4, 'Elvas', 334174); 
insert into concelho values (36, 4, 'Fronteira', 6470); 
insert into concelho values (37, 4, 'Gavião', 8811); 
insert into concelho values (38, 4, 'Marvão', 196443); 
insert into concelho values (39, 4, 'Monforte', 458765); 
insert into concelho values (40, 4, 'Nisa', 248516); 
insert into concelho values (41, 4, 'Ponte de Sor', 184610); 
insert into concelho values (42, 4, 'Portalegre', 390921); 
insert into concelho values (43, 4, 'Sousel', 80631); 
insert into concelho values (44, 4, 'Abrantes', 266466); 
insert into concelho values (45, 4, 'Alcanena', 300449); 
insert into concelho values (46, 4, 'Almeirim', 73369); 
insert into concelho values (47, 4, 'Alpiarça', 279043); 
insert into concelho values (48, 4, 'Benavente', 502942); 
insert into concelho values (49, 4, 'Cartaxo', 82013); 
insert into concelho values (50, 4, 'Chamusca', 107440); 
insert into concelho values (51, 4, 'Constância', 449293); 
insert into concelho values (52, 4, 'Coruche', 261893); 
insert into concelho values (53, 4, 'Entroncamento', 496950); 
insert into concelho values (54, 4, 'Ferreira do Zêzere', 190859); 
insert into concelho values (55, 4, 'Golegã', 107171); 
insert into concelho values (56, 4, 'Mação', 236489); 
insert into concelho values (57, 4, 'Rio Maior', 502482); 
insert into concelho values (58, 4, 'Salvaterra de Magos', 32121); 
insert into concelho values (59, 4, 'Santarém', 53092); 
insert into concelho values (60, 4, 'Sardoal', 202807); 
insert into concelho values (61, 4, 'Tomar', 140979); 
insert into concelho values (62, 4, 'Torres Novas', 386442); 
insert into concelho values (63, 4, 'Vila Nova da Barquinha', 201602); 
insert into concelho values (64, 4, 'Ourém', 130886); 
insert into concelho values (1, 5, 'Albufeira', 22424); 
insert into concelho values (2, 5, 'Alcoutim', 77249); 
insert into concelho values (3, 5, 'Aljezur', 384936); 
insert into concelho values (4, 5, 'Castro Marim', 423739); 
insert into concelho values (5, 5, 'Faro', 253941); 
insert into concelho values (6, 5, 'Lagoa', 327311); 
insert into concelho values (7, 5, 'Lagos', 451835); 
insert into concelho values (8, 5, 'Loulé', 121606); 
insert into concelho values (9, 5, 'Monchique', 136762); 
insert into concelho values (10, 5, 'Olhão', 268029); 
insert into concelho values (11, 5, 'Portimão', 12980); 
insert into concelho values (12, 5, 'São Brás de Alportel', 225983); 
insert into concelho values (13, 5, 'Silves', 48683); 
insert into concelho values (14, 5, 'Tavira', 161488); 
insert into concelho values (15, 5, 'Vila do Bispo', 269868); 
insert into concelho values (16, 5, 'Vila Real de Santo António', 235775); 
insert into instituicao values ('laboratorio 1 de Amares', 'laboratorio', 1, 1); 
insert into instituicao values ('farmacia 2 de Amares', 'farmacia', 1, 1); 
insert into instituicao values ('laboratorio 3 de Amares', 'laboratorio', 1, 1); 
insert into instituicao values ('laboratorio 1 de Barcelos', 'laboratorio', 1, 2); 
insert into instituicao values ('laboratorio 2 de Barcelos', 'laboratorio', 1, 2); 
insert into instituicao values ('clinica 1 de Braga', 'clinica', 1, 3); 
insert into instituicao values ('farmacia 2 de Braga', 'farmacia', 1, 3); 
insert into instituicao values ('clinica 1 de Cabeceiras de Basto', 'clinica', 1, 4); 
insert into instituicao values ('hospital 1 de Celorico de Basto', 'hospital', 1, 5); 
insert into instituicao values ('laboratorio 1 de Esposende', 'laboratorio', 1, 6); 
insert into instituicao values ('clinica 2 de Esposende', 'clinica', 1, 6); 
insert into instituicao values ('laboratorio 1 de Fafe', 'laboratorio', 1, 7); 
insert into instituicao values ('laboratorio 2 de Fafe', 'laboratorio', 1, 7); 
insert into instituicao values ('clinica 1 de Guimarães', 'clinica', 1, 8); 
insert into instituicao values ('farmacia 1 de Póvoa de Lanhoso', 'farmacia', 1, 9); 
insert into instituicao values ('clinica 2 de Póvoa de Lanhoso', 'clinica', 1, 9); 
insert into instituicao values ('farmacia 3 de Póvoa de Lanhoso', 'farmacia', 1, 9); 
insert into instituicao values ('hospital 1 de Terras de Bouro', 'hospital', 1, 10); 
insert into instituicao values ('farmacia 2 de Terras de Bouro', 'farmacia', 1, 10); 
insert into instituicao values ('farmacia 1 de Vieira do Minho', 'farmacia', 1, 11); 
insert into instituicao values ('laboratorio 2 de Vieira do Minho', 'laboratorio', 1, 11); 
insert into instituicao values ('farmacia 1 de Vila Nova de Famalicão', 'farmacia', 1, 12); 
insert into instituicao values ('clinica 1 de Vila Verde', 'clinica', 1, 13); 
insert into instituicao values ('laboratorio 1 de Vizela', 'laboratorio', 1, 14); 
insert into instituicao values ('farmacia 2 de Vizela', 'farmacia', 1, 14); 
insert into instituicao values ('farmacia 1 de Alfândega da Fé', 'farmacia', 1, 15); 
insert into instituicao values ('clinica 1 de Bragança', 'clinica', 1, 16); 
insert into instituicao values ('farmacia 2 de Bragança', 'farmacia', 1, 16); 
insert into instituicao values ('farmacia 3 de Bragança', 'farmacia', 1, 16); 
insert into instituicao values ('laboratorio 1 de Carrazeda de Ansiães', 'laboratorio', 1, 17); 
insert into instituicao values ('farmacia 2 de Carrazeda de Ansiães', 'farmacia', 1, 17); 
insert into instituicao values ('laboratorio 1 de Freixo de Espada à Cinta', 'laboratorio', 1, 18); 
insert into instituicao values ('laboratorio 2 de Freixo de Espada à Cinta', 'laboratorio', 1, 18); 
insert into instituicao values ('laboratorio 3 de Freixo de Espada à Cinta', 'laboratorio', 1, 18); 
insert into instituicao values ('farmacia 1 de Macedo de Cavaleiros', 'farmacia', 1, 19); 
insert into instituicao values ('farmacia 1 de Miranda do Douro', 'farmacia', 1, 20); 
insert into instituicao values ('laboratorio 1 de Mirandela', 'laboratorio', 1, 21); 
insert into instituicao values ('laboratorio 2 de Mirandela', 'laboratorio', 1, 21); 
insert into instituicao values ('farmacia 3 de Mirandela', 'farmacia', 1, 21); 
insert into instituicao values ('farmacia 1 de Mogadouro', 'farmacia', 1, 22); 
insert into instituicao values ('clinica 2 de Mogadouro', 'clinica', 1, 22); 
insert into instituicao values ('laboratorio 3 de Mogadouro', 'laboratorio', 1, 22); 
insert into instituicao values ('clinica 1 de Torre de Moncorvo', 'clinica', 1, 23); 
insert into instituicao values ('laboratorio 2 de Torre de Moncorvo', 'laboratorio', 1, 23); 
insert into instituicao values ('farmacia 1 de Vila Flor', 'farmacia', 1, 24); 
insert into instituicao values ('hospital 2 de Vila Flor', 'hospital', 1, 24); 
insert into instituicao values ('hospital 3 de Vila Flor', 'hospital', 1, 24); 
insert into instituicao values ('hospital 1 de Vimioso', 'hospital', 1, 25); 
insert into instituicao values ('laboratorio 2 de Vimioso', 'laboratorio', 1, 25); 
insert into instituicao values ('clinica 3 de Vimioso', 'clinica', 1, 25); 
insert into instituicao values ('farmacia 1 de Vinhais', 'farmacia', 1, 26); 
insert into instituicao values ('clinica 1 de Amarante', 'clinica', 1, 27); 
insert into instituicao values ('clinica 1 de Baião', 'clinica', 1, 28); 
insert into instituicao values ('clinica 2 de Baião', 'clinica', 1, 28); 
insert into instituicao values ('farmacia 3 de Baião', 'farmacia', 1, 28); 
insert into instituicao values ('clinica 1 de Felgueiras', 'clinica', 1, 29); 
insert into instituicao values ('farmacia 2 de Felgueiras', 'farmacia', 1, 29); 
insert into instituicao values ('clinica 3 de Felgueiras', 'clinica', 1, 29); 
insert into instituicao values ('hospital 1 de Gondomar', 'hospital', 1, 30); 
insert into instituicao values ('laboratorio 1 de Lousada', 'laboratorio', 1, 31); 
insert into instituicao values ('clinica 1 de Maia', 'clinica', 1, 32); 
insert into instituicao values ('farmacia 2 de Maia', 'farmacia', 1, 32); 
insert into instituicao values ('clinica 1 de Marco de Canaveses', 'clinica', 1, 33); 
insert into instituicao values ('laboratorio 2 de Marco de Canaveses', 'laboratorio', 1, 33); 
insert into instituicao values ('hospital 3 de Marco de Canaveses', 'hospital', 1, 33); 
insert into instituicao values ('laboratorio 1 de Matosinhos', 'laboratorio', 1, 34); 
insert into instituicao values ('farmacia 2 de Matosinhos', 'farmacia', 1, 34); 
insert into instituicao values ('farmacia 3 de Matosinhos', 'farmacia', 1, 34); 
insert into instituicao values ('clinica 1 de Paços de Ferreira', 'clinica', 1, 35); 
insert into instituicao values ('clinica 2 de Paços de Ferreira', 'clinica', 1, 35); 
insert into instituicao values ('laboratorio 3 de Paços de Ferreira', 'laboratorio', 1, 35); 
insert into instituicao values ('clinica 1 de Paredes', 'clinica', 1, 36); 
insert into instituicao values ('farmacia 1 de Penafiel', 'farmacia', 1, 37); 
insert into instituicao values ('farmacia 2 de Penafiel', 'farmacia', 1, 37); 
insert into instituicao values ('hospital 1 de Porto', 'hospital', 1, 38); 
insert into instituicao values ('laboratorio 2 de Porto', 'laboratorio', 1, 38); 
insert into instituicao values ('farmacia 3 de Porto', 'farmacia', 1, 38); 
insert into instituicao values ('farmacia 1 de Póvoa de Varzim', 'farmacia', 1, 39); 
insert into instituicao values ('hospital 2 de Póvoa de Varzim', 'hospital', 1, 39); 
insert into instituicao values ('laboratorio 3 de Póvoa de Varzim', 'laboratorio', 1, 39); 
insert into instituicao values ('farmacia 1 de Santo Tirso', 'farmacia', 1, 40); 
insert into instituicao values ('hospital 2 de Santo Tirso', 'hospital', 1, 40); 
insert into instituicao values ('laboratorio 1 de Valongo', 'laboratorio', 1, 41); 
insert into instituicao values ('hospital 1 de Vila do Conde', 'hospital', 1, 42); 
insert into instituicao values ('hospital 2 de Vila do Conde', 'hospital', 1, 42); 
insert into instituicao values ('clinica 1 de Vila Nova de Gaia', 'clinica', 1, 43); 
insert into instituicao values ('laboratorio 1 de Trofa', 'laboratorio', 1, 44); 
insert into instituicao values ('laboratorio 1 de Arcos de Valdevez', 'laboratorio', 1, 45); 
insert into instituicao values ('laboratorio 1 de Caminha', 'laboratorio', 1, 46); 
insert into instituicao values ('hospital 2 de Caminha', 'hospital', 1, 46); 
insert into instituicao values ('farmacia 1 de Melgaço', 'farmacia', 1, 47); 
insert into instituicao values ('hospital 2 de Melgaço', 'hospital', 1, 47); 
insert into instituicao values ('clinica 1 de Monção', 'clinica', 1, 48); 
insert into instituicao values ('laboratorio 2 de Monção', 'laboratorio', 1, 48); 
insert into instituicao values ('farmacia 1 de Paredes de Coura', 'farmacia', 1, 49); 
insert into instituicao values ('laboratorio 2 de Paredes de Coura', 'laboratorio', 1, 49); 
insert into instituicao values ('laboratorio 1 de Ponte da Barca', 'laboratorio', 1, 50); 
insert into instituicao values ('farmacia 2 de Ponte da Barca', 'farmacia', 1, 50); 
insert into instituicao values ('farmacia 3 de Ponte da Barca', 'farmacia', 1, 50); 
insert into instituicao values ('clinica 1 de Ponte de Lima', 'clinica', 1, 51); 
insert into instituicao values ('clinica 2 de Ponte de Lima', 'clinica', 1, 51); 
insert into instituicao values ('hospital 1 de Valença', 'hospital', 1, 52); 
insert into instituicao values ('laboratorio 2 de Valença', 'laboratorio', 1, 52); 
insert into instituicao values ('farmacia 3 de Valença', 'farmacia', 1, 52); 
insert into instituicao values ('laboratorio 1 de Viana do Castelo', 'laboratorio', 1, 53); 
insert into instituicao values ('clinica 2 de Viana do Castelo', 'clinica', 1, 53); 
insert into instituicao values ('farmacia 3 de Viana do Castelo', 'farmacia', 1, 53); 
insert into instituicao values ('farmacia 1 de Vila Nova de Cerveira', 'farmacia', 1, 54); 
insert into instituicao values ('laboratorio 1 de Alijó', 'laboratorio', 1, 55); 
insert into instituicao values ('laboratorio 2 de Alijó', 'laboratorio', 1, 55); 
insert into instituicao values ('clinica 3 de Alijó', 'clinica', 1, 55); 
insert into instituicao values ('hospital 1 de Boticas', 'hospital', 1, 56); 
insert into instituicao values ('clinica 2 de Boticas', 'clinica', 1, 56); 
insert into instituicao values ('farmacia 3 de Boticas', 'farmacia', 1, 56); 
insert into instituicao values ('clinica 1 de Chaves', 'clinica', 1, 57); 
insert into instituicao values ('farmacia 2 de Chaves', 'farmacia', 1, 57); 
insert into instituicao values ('farmacia 1 de Mesão Frio', 'farmacia', 1, 58); 
insert into instituicao values ('laboratorio 2 de Mesão Frio', 'laboratorio', 1, 58); 
insert into instituicao values ('hospital 3 de Mesão Frio', 'hospital', 1, 58); 
insert into instituicao values ('hospital 1 de Mondim de Basto', 'hospital', 1, 59); 
insert into instituicao values ('hospital 2 de Mondim de Basto', 'hospital', 1, 59); 
insert into instituicao values ('clinica 1 de Montalegre', 'clinica', 1, 60); 
insert into instituicao values ('laboratorio 2 de Montalegre', 'laboratorio', 1, 60); 
insert into instituicao values ('laboratorio 1 de Murça', 'laboratorio', 1, 61); 
insert into instituicao values ('laboratorio 2 de Murça', 'laboratorio', 1, 61); 
insert into instituicao values ('laboratorio 1 de Peso da Régua', 'laboratorio', 1, 62); 
insert into instituicao values ('laboratorio 1 de Ribeira de Pena', 'laboratorio', 1, 63); 
insert into instituicao values ('hospital 2 de Ribeira de Pena', 'hospital', 1, 63); 
insert into instituicao values ('hospital 1 de Sabrosa', 'hospital', 1, 64); 
insert into instituicao values ('laboratorio 2 de Sabrosa', 'laboratorio', 1, 64); 
insert into instituicao values ('farmacia 1 de Santa Marta de Penaguião', 'farmacia', 1, 65); 
insert into instituicao values ('hospital 2 de Santa Marta de Penaguião', 'hospital', 1, 65); 
insert into instituicao values ('clinica 3 de Santa Marta de Penaguião', 'clinica', 1, 65); 
insert into instituicao values ('farmacia 1 de Valpaços', 'farmacia', 1, 66); 
insert into instituicao values ('farmacia 2 de Valpaços', 'farmacia', 1, 66); 
insert into instituicao values ('laboratorio 1 de Vila Pouca de Aguiar', 'laboratorio', 1, 67); 
insert into instituicao values ('hospital 2 de Vila Pouca de Aguiar', 'hospital', 1, 67); 
insert into instituicao values ('farmacia 1 de Vila Real', 'farmacia', 1, 68); 
insert into instituicao values ('clinica 2 de Vila Real', 'clinica', 1, 68); 
insert into instituicao values ('farmacia 1 de Águeda', 'farmacia', 2, 1); 
insert into instituicao values ('laboratorio 2 de Águeda', 'laboratorio', 2, 1); 
insert into instituicao values ('laboratorio 1 de Albergaria-a-Velha', 'laboratorio', 2, 2); 
insert into instituicao values ('farmacia 1 de Anadia', 'farmacia', 2, 3); 
insert into instituicao values ('hospital 2 de Anadia', 'hospital', 2, 3); 
insert into instituicao values ('clinica 3 de Anadia', 'clinica', 2, 3); 
insert into instituicao values ('farmacia 1 de Arouca', 'farmacia', 2, 4); 
insert into instituicao values ('farmacia 2 de Arouca', 'farmacia', 2, 4); 
insert into instituicao values ('clinica 1 de Aveiro', 'clinica', 2, 5); 
insert into instituicao values ('laboratorio 2 de Aveiro', 'laboratorio', 2, 5); 
insert into instituicao values ('laboratorio 3 de Aveiro', 'laboratorio', 2, 5); 
insert into instituicao values ('clinica 1 de Castelo de Paiva', 'clinica', 2, 6); 
insert into instituicao values ('laboratorio 1 de Espinho', 'laboratorio', 2, 7); 
insert into instituicao values ('laboratorio 2 de Espinho', 'laboratorio', 2, 7); 
insert into instituicao values ('clinica 1 de Estarreja', 'clinica', 2, 8); 
insert into instituicao values ('laboratorio 2 de Estarreja', 'laboratorio', 2, 8); 
insert into instituicao values ('farmacia 1 de Santa Maria da Feira', 'farmacia', 2, 9); 
insert into instituicao values ('clinica 1 de Ílhavo', 'clinica', 2, 10); 
insert into instituicao values ('laboratorio 2 de Ílhavo', 'laboratorio', 2, 10); 
insert into instituicao values ('hospital 1 de Mealhada', 'hospital', 2, 11); 
insert into instituicao values ('farmacia 2 de Mealhada', 'farmacia', 2, 11); 
insert into instituicao values ('laboratorio 3 de Mealhada', 'laboratorio', 2, 11); 
insert into instituicao values ('clinica 1 de Murtosa', 'clinica', 2, 12); 
insert into instituicao values ('hospital 2 de Murtosa', 'hospital', 2, 12); 
insert into instituicao values ('hospital 3 de Murtosa', 'hospital', 2, 12); 
insert into instituicao values ('laboratorio 1 de Oliveira de Azeméis', 'laboratorio', 2, 13); 
insert into instituicao values ('laboratorio 2 de Oliveira de Azeméis', 'laboratorio', 2, 13); 
insert into instituicao values ('clinica 1 de Oliveira do Bairro', 'clinica', 2, 14); 
insert into instituicao values ('hospital 1 de Ovar', 'hospital', 2, 15); 
insert into instituicao values ('hospital 1 de São João da Madeira', 'hospital', 2, 16); 
insert into instituicao values ('laboratorio 1 de Sever do Vouga', 'laboratorio', 2, 17); 
insert into instituicao values ('hospital 1 de Vagos', 'hospital', 2, 18); 
insert into instituicao values ('farmacia 2 de Vagos', 'farmacia', 2, 18); 
insert into instituicao values ('farmacia 3 de Vagos', 'farmacia', 2, 18); 
insert into instituicao values ('farmacia 1 de Vale de Cambra', 'farmacia', 2, 19); 
insert into instituicao values ('clinica 1 de Belmonte', 'clinica', 2, 20); 
insert into instituicao values ('laboratorio 2 de Belmonte', 'laboratorio', 2, 20); 
insert into instituicao values ('clinica 3 de Belmonte', 'clinica', 2, 20); 
insert into instituicao values ('hospital 1 de Castelo Branco', 'hospital', 2, 21); 
insert into instituicao values ('hospital 2 de Castelo Branco', 'hospital', 2, 21); 
insert into instituicao values ('farmacia 3 de Castelo Branco', 'farmacia', 2, 21); 
insert into instituicao values ('hospital 1 de Covilhã', 'hospital', 2, 22); 
insert into instituicao values ('laboratorio 2 de Covilhã', 'laboratorio', 2, 22); 
insert into instituicao values ('farmacia 1 de Fundão', 'farmacia', 2, 23); 
insert into instituicao values ('farmacia 2 de Fundão', 'farmacia', 2, 23); 
insert into instituicao values ('clinica 3 de Fundão', 'clinica', 2, 23); 
insert into instituicao values ('laboratorio 1 de Idanha-a-Nova', 'laboratorio', 2, 24); 
insert into instituicao values ('clinica 2 de Idanha-a-Nova', 'clinica', 2, 24); 
insert into instituicao values ('laboratorio 3 de Idanha-a-Nova', 'laboratorio', 2, 24); 
insert into instituicao values ('laboratorio 1 de Oleiros', 'laboratorio', 2, 25); 
insert into instituicao values ('farmacia 2 de Oleiros', 'farmacia', 2, 25); 
insert into instituicao values ('hospital 1 de Penamacor', 'hospital', 2, 26); 
insert into instituicao values ('laboratorio 2 de Penamacor', 'laboratorio', 2, 26); 
insert into instituicao values ('farmacia 3 de Penamacor', 'farmacia', 2, 26); 
insert into instituicao values ('hospital 1 de Proença-a-Nova', 'hospital', 2, 27); 
insert into instituicao values ('hospital 1 de Sertã', 'hospital', 2, 28); 
insert into instituicao values ('hospital 2 de Sertã', 'hospital', 2, 28); 
insert into instituicao values ('farmacia 1 de Vila de Rei', 'farmacia', 2, 29); 
insert into instituicao values ('laboratorio 2 de Vila de Rei', 'laboratorio', 2, 29); 
insert into instituicao values ('farmacia 3 de Vila de Rei', 'farmacia', 2, 29); 
insert into instituicao values ('farmacia 1 de Vila Velha de Ródão', 'farmacia', 2, 30); 
insert into instituicao values ('farmacia 2 de Vila Velha de Ródão', 'farmacia', 2, 30); 
insert into instituicao values ('clinica 1 de Arganil', 'clinica', 2, 31); 
insert into instituicao values ('farmacia 2 de Arganil', 'farmacia', 2, 31); 
insert into instituicao values ('farmacia 1 de Cantanhede', 'farmacia', 2, 32); 
insert into instituicao values ('farmacia 1 de Coimbra', 'farmacia', 2, 33); 
insert into instituicao values ('laboratorio 1 de Condeixa-a-Nova', 'laboratorio', 2, 34); 
insert into instituicao values ('laboratorio 1 de Figueira da Foz', 'laboratorio', 2, 35); 
insert into instituicao values ('clinica 2 de Figueira da Foz', 'clinica', 2, 35); 
insert into instituicao values ('hospital 1 de Góis', 'hospital', 2, 36); 
insert into instituicao values ('hospital 2 de Góis', 'hospital', 2, 36); 
insert into instituicao values ('farmacia 3 de Góis', 'farmacia', 2, 36); 
insert into instituicao values ('laboratorio 1 de Lousã', 'laboratorio', 2, 37); 
insert into instituicao values ('laboratorio 1 de Mira', 'laboratorio', 2, 38); 
insert into instituicao values ('laboratorio 1 de Miranda do Corvo', 'laboratorio', 2, 39); 
insert into instituicao values ('clinica 1 de Montemor-o-Velho', 'clinica', 2, 40); 
insert into instituicao values ('hospital 2 de Montemor-o-Velho', 'hospital', 2, 40); 
insert into instituicao values ('clinica 3 de Montemor-o-Velho', 'clinica', 2, 40); 
insert into instituicao values ('clinica 1 de Oliveira do Hospital', 'clinica', 2, 41); 
insert into instituicao values ('hospital 2 de Oliveira do Hospital', 'hospital', 2, 41); 
insert into instituicao values ('farmacia 1 de Pampilhosa da Serra', 'farmacia', 2, 42); 
insert into instituicao values ('farmacia 2 de Pampilhosa da Serra', 'farmacia', 2, 42); 
insert into instituicao values ('laboratorio 1 de Penacova', 'laboratorio', 2, 43); 
insert into instituicao values ('laboratorio 1 de Penela', 'laboratorio', 2, 44); 
insert into instituicao values ('hospital 1 de Soure', 'hospital', 2, 45); 
insert into instituicao values ('laboratorio 2 de Soure', 'laboratorio', 2, 45); 
insert into instituicao values ('clinica 3 de Soure', 'clinica', 2, 45); 
insert into instituicao values ('clinica 1 de Tábua', 'clinica', 2, 46); 
insert into instituicao values ('hospital 2 de Tábua', 'hospital', 2, 46); 
insert into instituicao values ('hospital 1 de Vila Nova de Poiares', 'hospital', 2, 47); 
insert into instituicao values ('hospital 1 de Aguiar da Beira', 'hospital', 2, 48); 
insert into instituicao values ('laboratorio 1 de Almeida', 'laboratorio', 2, 49); 
insert into instituicao values ('farmacia 2 de Almeida', 'farmacia', 2, 49); 
insert into instituicao values ('farmacia 1 de Celorico da Beira', 'farmacia', 2, 50); 
insert into instituicao values ('farmacia 2 de Celorico da Beira', 'farmacia', 2, 50); 
insert into instituicao values ('clinica 1 de Figueira de Castelo Rodrigo', 'clinica', 2, 51); 
insert into instituicao values ('clinica 2 de Figueira de Castelo Rodrigo', 'clinica', 2, 51); 
insert into instituicao values ('clinica 1 de Fornos de Algodres', 'clinica', 2, 52); 
insert into instituicao values ('hospital 2 de Fornos de Algodres', 'hospital', 2, 52); 
insert into instituicao values ('hospital 3 de Fornos de Algodres', 'hospital', 2, 52); 
insert into instituicao values ('hospital 1 de Gouveia', 'hospital', 2, 53); 
insert into instituicao values ('laboratorio 2 de Gouveia', 'laboratorio', 2, 53); 
insert into instituicao values ('clinica 1 de Guarda', 'clinica', 2, 54); 
insert into instituicao values ('hospital 2 de Guarda', 'hospital', 2, 54); 
insert into instituicao values ('farmacia 1 de Manteigas', 'farmacia', 2, 55); 
insert into instituicao values ('farmacia 1 de Mêda', 'farmacia', 2, 56); 
insert into instituicao values ('hospital 2 de Mêda', 'hospital', 2, 56); 
insert into instituicao values ('clinica 3 de Mêda', 'clinica', 2, 56); 
insert into instituicao values ('farmacia 1 de Pinhel', 'farmacia', 2, 57); 
insert into instituicao values ('laboratorio 1 de Sabugal', 'laboratorio', 2, 58); 
insert into instituicao values ('clinica 1 de Seia', 'clinica', 2, 59); 
insert into instituicao values ('hospital 1 de Trancoso', 'hospital', 2, 60); 
insert into instituicao values ('farmacia 1 de Vila Nova de Foz Côa', 'farmacia', 2, 61); 
insert into instituicao values ('hospital 1 de Alcobaça', 'hospital', 2, 62); 
insert into instituicao values ('laboratorio 1 de Alvaiázere', 'laboratorio', 2, 63); 
insert into instituicao values ('hospital 2 de Alvaiázere', 'hospital', 2, 63); 
insert into instituicao values ('laboratorio 1 de Ansião', 'laboratorio', 2, 64); 
insert into instituicao values ('hospital 2 de Ansião', 'hospital', 2, 64); 
insert into instituicao values ('laboratorio 3 de Ansião', 'laboratorio', 2, 64); 
insert into instituicao values ('clinica 1 de Batalha', 'clinica', 2, 65); 
insert into instituicao values ('laboratorio 2 de Batalha', 'laboratorio', 2, 65); 
insert into instituicao values ('hospital 1 de Bombarral', 'hospital', 2, 66); 
insert into instituicao values ('clinica 1 de Caldas da Rainha', 'clinica', 2, 67); 
insert into instituicao values ('hospital 2 de Caldas da Rainha', 'hospital', 2, 67); 
insert into instituicao values ('laboratorio 1 de Castanheira de Pêra', 'laboratorio', 2, 68); 
insert into instituicao values ('hospital 2 de Castanheira de Pêra', 'hospital', 2, 68); 
insert into instituicao values ('farmacia 3 de Castanheira de Pêra', 'farmacia', 2, 68); 
insert into instituicao values ('clinica 1 de Figueiró dos Vinhos', 'clinica', 2, 69); 
insert into instituicao values ('clinica 1 de Leiria', 'clinica', 2, 70); 
insert into instituicao values ('laboratorio 1 de Marinha Grande', 'laboratorio', 2, 71); 
insert into instituicao values ('clinica 2 de Marinha Grande', 'clinica', 2, 71); 
insert into instituicao values ('clinica 1 de Nazaré', 'clinica', 2, 72); 
insert into instituicao values ('hospital 1 de Óbidos', 'hospital', 2, 73); 
insert into instituicao values ('laboratorio 2 de Óbidos', 'laboratorio', 2, 73); 
insert into instituicao values ('laboratorio 3 de Óbidos', 'laboratorio', 2, 73); 
insert into instituicao values ('laboratorio 1 de Pedrógão Grande', 'laboratorio', 2, 74); 
insert into instituicao values ('farmacia 1 de Peniche', 'farmacia', 2, 75); 
insert into instituicao values ('farmacia 2 de Peniche', 'farmacia', 2, 75); 
insert into instituicao values ('laboratorio 3 de Peniche', 'laboratorio', 2, 75); 
insert into instituicao values ('farmacia 1 de Pombal', 'farmacia', 2, 76); 
insert into instituicao values ('farmacia 1 de Porto de Mós', 'farmacia', 2, 77); 
insert into instituicao values ('hospital 1 de Armamar', 'hospital', 2, 78); 
insert into instituicao values ('laboratorio 2 de Armamar', 'laboratorio', 2, 78); 
insert into instituicao values ('laboratorio 3 de Armamar', 'laboratorio', 2, 78); 
insert into instituicao values ('farmacia 1 de Carregal do Sal', 'farmacia', 2, 79); 
insert into instituicao values ('hospital 2 de Carregal do Sal', 'hospital', 2, 79); 
insert into instituicao values ('laboratorio 3 de Carregal do Sal', 'laboratorio', 2, 79); 
insert into instituicao values ('clinica 1 de Castro Daire', 'clinica', 2, 80); 
insert into instituicao values ('farmacia 2 de Castro Daire', 'farmacia', 2, 80); 
insert into instituicao values ('laboratorio 3 de Castro Daire', 'laboratorio', 2, 80); 
insert into instituicao values ('clinica 1 de Cinfães', 'clinica', 2, 81); 
insert into instituicao values ('farmacia 2 de Cinfães', 'farmacia', 2, 81); 
insert into instituicao values ('clinica 1 de Lamego', 'clinica', 2, 82); 
insert into instituicao values ('laboratorio 1 de Mangualde', 'laboratorio', 2, 83); 
insert into instituicao values ('clinica 1 de Moimenta da Beira', 'clinica', 2, 84); 
insert into instituicao values ('farmacia 1 de Mortágua', 'farmacia', 2, 85); 
insert into instituicao values ('hospital 2 de Mortágua', 'hospital', 2, 85); 
insert into instituicao values ('clinica 3 de Mortágua', 'clinica', 2, 85); 
insert into instituicao values ('clinica 1 de Nelas', 'clinica', 2, 86); 
insert into instituicao values ('hospital 2 de Nelas', 'hospital', 2, 86); 
insert into instituicao values ('clinica 3 de Nelas', 'clinica', 2, 86); 
insert into instituicao values ('clinica 1 de Oliveira de Frades', 'clinica', 2, 87); 
insert into instituicao values ('laboratorio 1 de Penalva do Castelo', 'laboratorio', 2, 88); 
insert into instituicao values ('farmacia 2 de Penalva do Castelo', 'farmacia', 2, 88); 
insert into instituicao values ('hospital 1 de Penedono', 'hospital', 2, 89); 
insert into instituicao values ('hospital 2 de Penedono', 'hospital', 2, 89); 
insert into instituicao values ('farmacia 3 de Penedono', 'farmacia', 2, 89); 
insert into instituicao values ('farmacia 1 de Resende', 'farmacia', 2, 90); 
insert into instituicao values ('farmacia 2 de Resende', 'farmacia', 2, 90); 
insert into instituicao values ('laboratorio 3 de Resende', 'laboratorio', 2, 90); 
insert into instituicao values ('laboratorio 1 de Santa Comba Dão', 'laboratorio', 2, 91); 
insert into instituicao values ('hospital 1 de São João da Pesqueira', 'hospital', 2, 92); 
insert into instituicao values ('clinica 1 de São Pedro do Sul', 'clinica', 2, 93); 
insert into instituicao values ('laboratorio 2 de São Pedro do Sul', 'laboratorio', 2, 93); 
insert into instituicao values ('hospital 1 de Sátão', 'hospital', 2, 94); 
insert into instituicao values ('laboratorio 2 de Sátão', 'laboratorio', 2, 94); 
insert into instituicao values ('laboratorio 3 de Sátão', 'laboratorio', 2, 94); 
insert into instituicao values ('hospital 1 de Sernancelhe', 'hospital', 2, 95); 
insert into instituicao values ('farmacia 2 de Sernancelhe', 'farmacia', 2, 95); 
insert into instituicao values ('laboratorio 1 de Tabuaço', 'laboratorio', 2, 96); 
insert into instituicao values ('laboratorio 2 de Tabuaço', 'laboratorio', 2, 96); 
insert into instituicao values ('farmacia 1 de Tarouca', 'farmacia', 2, 97); 
insert into instituicao values ('laboratorio 1 de Tondela', 'laboratorio', 2, 98); 
insert into instituicao values ('hospital 2 de Tondela', 'hospital', 2, 98); 
insert into instituicao values ('laboratorio 1 de Vila Nova de Paiva', 'laboratorio', 2, 99); 
insert into instituicao values ('clinica 1 de Viseu', 'clinica', 2, 100); 
insert into instituicao values ('laboratorio 2 de Viseu', 'laboratorio', 2, 100); 
insert into instituicao values ('clinica 1 de Vouzela', 'clinica', 2, 101); 
insert into instituicao values ('hospital 2 de Vouzela', 'hospital', 2, 101); 
insert into instituicao values ('farmacia 1 de Alenquer', 'farmacia', 3, 1); 
insert into instituicao values ('farmacia 2 de Alenquer', 'farmacia', 3, 1); 
insert into instituicao values ('hospital 3 de Alenquer', 'hospital', 3, 1); 
insert into instituicao values ('hospital 1 de Arruda dos Vinhos', 'hospital', 3, 2); 
insert into instituicao values ('clinica 2 de Arruda dos Vinhos', 'clinica', 3, 2); 
insert into instituicao values ('clinica 3 de Arruda dos Vinhos', 'clinica', 3, 2); 
insert into instituicao values ('farmacia 1 de Azambuja', 'farmacia', 3, 3); 
insert into instituicao values ('clinica 2 de Azambuja', 'clinica', 3, 3); 
insert into instituicao values ('laboratorio 1 de Cadaval', 'laboratorio', 3, 4); 
insert into instituicao values ('clinica 2 de Cadaval', 'clinica', 3, 4); 
insert into instituicao values ('clinica 1 de Cascais', 'clinica', 3, 5); 
insert into instituicao values ('laboratorio 2 de Cascais', 'laboratorio', 3, 5); 
insert into instituicao values ('laboratorio 1 de Lisboa', 'laboratorio', 3, 6); 
insert into instituicao values ('laboratorio 2 de Lisboa', 'laboratorio', 3, 6); 
insert into instituicao values ('clinica 3 de Lisboa', 'clinica', 3, 6); 
insert into instituicao values ('farmacia 1 de Loures', 'farmacia', 3, 7); 
insert into instituicao values ('laboratorio 2 de Loures', 'laboratorio', 3, 7); 
insert into instituicao values ('clinica 3 de Loures', 'clinica', 3, 7); 
insert into instituicao values ('laboratorio 1 de Lourinhã', 'laboratorio', 3, 8); 
insert into instituicao values ('clinica 1 de Mafra', 'clinica', 3, 9); 
insert into instituicao values ('clinica 2 de Mafra', 'clinica', 3, 9); 
insert into instituicao values ('farmacia 3 de Mafra', 'farmacia', 3, 9); 
insert into instituicao values ('clinica 1 de Oeiras', 'clinica', 3, 10); 
insert into instituicao values ('hospital 2 de Oeiras', 'hospital', 3, 10); 
insert into instituicao values ('farmacia 1 de Sintra', 'farmacia', 3, 11); 
insert into instituicao values ('clinica 1 de Sobral de Monte Agraço', 'clinica', 3, 12); 
insert into instituicao values ('farmacia 2 de Sobral de Monte Agraço', 'farmacia', 3, 12); 
insert into instituicao values ('farmacia 3 de Sobral de Monte Agraço', 'farmacia', 3, 12); 
insert into instituicao values ('clinica 1 de Torres Vedras', 'clinica', 3, 13); 
insert into instituicao values ('clinica 2 de Torres Vedras', 'clinica', 3, 13); 
insert into instituicao values ('farmacia 1 de Vila Franca de Xira', 'farmacia', 3, 14); 
insert into instituicao values ('hospital 2 de Vila Franca de Xira', 'hospital', 3, 14); 
insert into instituicao values ('laboratorio 3 de Vila Franca de Xira', 'laboratorio', 3, 14); 
insert into instituicao values ('hospital 1 de Amadora', 'hospital', 3, 15); 
insert into instituicao values ('laboratorio 1 de Odivelas', 'laboratorio', 3, 16); 
insert into instituicao values ('farmacia 2 de Odivelas', 'farmacia', 3, 16); 
insert into instituicao values ('hospital 3 de Odivelas', 'hospital', 3, 16); 
insert into instituicao values ('clinica 1 de Alcácer do Sal', 'clinica', 3, 17); 
insert into instituicao values ('farmacia 2 de Alcácer do Sal', 'farmacia', 3, 17); 
insert into instituicao values ('clinica 1 de Alcochete', 'clinica', 3, 18); 
insert into instituicao values ('clinica 1 de Almada', 'clinica', 3, 19); 
insert into instituicao values ('laboratorio 2 de Almada', 'laboratorio', 3, 19); 
insert into instituicao values ('hospital 3 de Almada', 'hospital', 3, 19); 
insert into instituicao values ('laboratorio 1 de Barreiro', 'laboratorio', 3, 20); 
insert into instituicao values ('clinica 1 de Grândola', 'clinica', 3, 21); 
insert into instituicao values ('laboratorio 1 de Moita', 'laboratorio', 3, 22); 
insert into instituicao values ('laboratorio 1 de Montijo', 'laboratorio', 3, 23); 
insert into instituicao values ('laboratorio 2 de Montijo', 'laboratorio', 3, 23); 
insert into instituicao values ('laboratorio 3 de Montijo', 'laboratorio', 3, 23); 
insert into instituicao values ('clinica 1 de Palmela', 'clinica', 3, 24); 
insert into instituicao values ('farmacia 1 de Santiago do Cacém', 'farmacia', 3, 25); 
insert into instituicao values ('hospital 2 de Santiago do Cacém', 'hospital', 3, 25); 
insert into instituicao values ('clinica 3 de Santiago do Cacém', 'clinica', 3, 25); 
insert into instituicao values ('laboratorio 1 de Seixal', 'laboratorio', 3, 26); 
insert into instituicao values ('clinica 1 de Sesimbra', 'clinica', 3, 27); 
insert into instituicao values ('farmacia 1 de Setúbal', 'farmacia', 3, 28); 
insert into instituicao values ('laboratorio 2 de Setúbal', 'laboratorio', 3, 28); 
insert into instituicao values ('laboratorio 3 de Setúbal', 'laboratorio', 3, 28); 
insert into instituicao values ('farmacia 1 de Sines', 'farmacia', 3, 29); 
insert into instituicao values ('laboratorio 2 de Sines', 'laboratorio', 3, 29); 
insert into instituicao values ('laboratorio 1 de Aljustrel', 'laboratorio', 4, 1); 
insert into instituicao values ('laboratorio 2 de Aljustrel', 'laboratorio', 4, 1); 
insert into instituicao values ('hospital 3 de Aljustrel', 'hospital', 4, 1); 
insert into instituicao values ('hospital 1 de Almodôvar', 'hospital', 4, 2); 
insert into instituicao values ('clinica 2 de Almodôvar', 'clinica', 4, 2); 
insert into instituicao values ('clinica 1 de Alvito', 'clinica', 4, 3); 
insert into instituicao values ('hospital 2 de Alvito', 'hospital', 4, 3); 
insert into instituicao values ('farmacia 1 de Barrancos', 'farmacia', 4, 4); 
insert into instituicao values ('hospital 1 de Beja', 'hospital', 4, 5); 
insert into instituicao values ('laboratorio 1 de Castro Verde', 'laboratorio', 4, 6); 
insert into instituicao values ('hospital 2 de Castro Verde', 'hospital', 4, 6); 
insert into instituicao values ('hospital 1 de Cuba', 'hospital', 4, 7); 
insert into instituicao values ('hospital 1 de Ferreira do Alentejo', 'hospital', 4, 8); 
insert into instituicao values ('farmacia 1 de Mértola', 'farmacia', 4, 9); 
insert into instituicao values ('hospital 1 de Moura', 'hospital', 4, 10); 
insert into instituicao values ('clinica 2 de Moura', 'clinica', 4, 10); 
insert into instituicao values ('hospital 3 de Moura', 'hospital', 4, 10); 
insert into instituicao values ('hospital 1 de Odemira', 'hospital', 4, 11); 
insert into instituicao values ('laboratorio 2 de Odemira', 'laboratorio', 4, 11); 
insert into instituicao values ('hospital 1 de Ourique', 'hospital', 4, 12); 
insert into instituicao values ('hospital 2 de Ourique', 'hospital', 4, 12); 
insert into instituicao values ('laboratorio 1 de Serpa', 'laboratorio', 4, 13); 
insert into instituicao values ('clinica 2 de Serpa', 'clinica', 4, 13); 
insert into instituicao values ('laboratorio 3 de Serpa', 'laboratorio', 4, 13); 
insert into instituicao values ('laboratorio 1 de Vidigueira', 'laboratorio', 4, 14); 
insert into instituicao values ('hospital 2 de Vidigueira', 'hospital', 4, 14); 
insert into instituicao values ('hospital 1 de Alandroal', 'hospital', 4, 15); 
insert into instituicao values ('clinica 2 de Alandroal', 'clinica', 4, 15); 
insert into instituicao values ('clinica 1 de Arraiolos', 'clinica', 4, 16); 
insert into instituicao values ('laboratorio 2 de Arraiolos', 'laboratorio', 4, 16); 
insert into instituicao values ('clinica 3 de Arraiolos', 'clinica', 4, 16); 
insert into instituicao values ('laboratorio 1 de Borba', 'laboratorio', 4, 17); 
insert into instituicao values ('laboratorio 2 de Borba', 'laboratorio', 4, 17); 
insert into instituicao values ('farmacia 3 de Borba', 'farmacia', 4, 17); 
insert into instituicao values ('laboratorio 1 de Estremoz', 'laboratorio', 4, 18); 
insert into instituicao values ('hospital 1 de Évora', 'hospital', 4, 19); 
insert into instituicao values ('farmacia 1 de Montemor-o-Novo', 'farmacia', 4, 20); 
insert into instituicao values ('hospital 2 de Montemor-o-Novo', 'hospital', 4, 20); 
insert into instituicao values ('hospital 3 de Montemor-o-Novo', 'hospital', 4, 20); 
insert into instituicao values ('laboratorio 1 de Mora', 'laboratorio', 4, 21); 
insert into instituicao values ('laboratorio 2 de Mora', 'laboratorio', 4, 21); 
insert into instituicao values ('laboratorio 3 de Mora', 'laboratorio', 4, 21); 
insert into instituicao values ('farmacia 1 de Mourão', 'farmacia', 4, 22); 
insert into instituicao values ('laboratorio 2 de Mourão', 'laboratorio', 4, 22); 
insert into instituicao values ('laboratorio 1 de Portel', 'laboratorio', 4, 23); 
insert into instituicao values ('farmacia 2 de Portel', 'farmacia', 4, 23); 
insert into instituicao values ('farmacia 3 de Portel', 'farmacia', 4, 23); 
insert into instituicao values ('laboratorio 1 de Redondo', 'laboratorio', 4, 24); 
insert into instituicao values ('laboratorio 1 de Reguengos de Monsaraz', 'laboratorio', 4, 25); 
insert into instituicao values ('farmacia 1 de Vendas Novas', 'farmacia', 4, 26); 
insert into instituicao values ('clinica 1 de Viana do Alentejo', 'clinica', 4, 27); 
insert into instituicao values ('clinica 1 de Vila Viçosa', 'clinica', 4, 28); 
insert into instituicao values ('laboratorio 2 de Vila Viçosa', 'laboratorio', 4, 28); 
insert into instituicao values ('laboratorio 3 de Vila Viçosa', 'laboratorio', 4, 28); 
insert into instituicao values ('farmacia 1 de Alter do Chão', 'farmacia', 4, 29); 
insert into instituicao values ('laboratorio 1 de Arronches', 'laboratorio', 4, 30); 
insert into instituicao values ('farmacia 2 de Arronches', 'farmacia', 4, 30); 
insert into instituicao values ('farmacia 1 de Avis', 'farmacia', 4, 31); 
insert into instituicao values ('clinica 2 de Avis', 'clinica', 4, 31); 
insert into instituicao values ('clinica 1 de Campo Maior', 'clinica', 4, 32); 
insert into instituicao values ('farmacia 2 de Campo Maior', 'farmacia', 4, 32); 
insert into instituicao values ('laboratorio 1 de Castelo de Vide', 'laboratorio', 4, 33); 
insert into instituicao values ('farmacia 1 de Crato', 'farmacia', 4, 34); 
insert into instituicao values ('hospital 1 de Elvas', 'hospital', 4, 35); 
insert into instituicao values ('laboratorio 1 de Fronteira', 'laboratorio', 4, 36); 
insert into instituicao values ('laboratorio 1 de Gavião', 'laboratorio', 4, 37); 
insert into instituicao values ('laboratorio 1 de Marvão', 'laboratorio', 4, 38); 
insert into instituicao values ('clinica 2 de Marvão', 'clinica', 4, 38); 
insert into instituicao values ('farmacia 3 de Marvão', 'farmacia', 4, 38); 
insert into instituicao values ('hospital 1 de Monforte', 'hospital', 4, 39); 
insert into instituicao values ('farmacia 2 de Monforte', 'farmacia', 4, 39); 
insert into instituicao values ('farmacia 1 de Nisa', 'farmacia', 4, 40); 
insert into instituicao values ('farmacia 1 de Ponte de Sor', 'farmacia', 4, 41); 
insert into instituicao values ('farmacia 2 de Ponte de Sor', 'farmacia', 4, 41); 
insert into instituicao values ('laboratorio 1 de Portalegre', 'laboratorio', 4, 42); 
insert into instituicao values ('clinica 2 de Portalegre', 'clinica', 4, 42); 
insert into instituicao values ('farmacia 3 de Portalegre', 'farmacia', 4, 42); 
insert into instituicao values ('clinica 1 de Sousel', 'clinica', 4, 43); 
insert into instituicao values ('hospital 1 de Abrantes', 'hospital', 4, 44); 
insert into instituicao values ('farmacia 2 de Abrantes', 'farmacia', 4, 44); 
insert into instituicao values ('farmacia 3 de Abrantes', 'farmacia', 4, 44); 
insert into instituicao values ('farmacia 1 de Alcanena', 'farmacia', 4, 45); 
insert into instituicao values ('laboratorio 1 de Almeirim', 'laboratorio', 4, 46); 
insert into instituicao values ('clinica 2 de Almeirim', 'clinica', 4, 46); 
insert into instituicao values ('farmacia 3 de Almeirim', 'farmacia', 4, 46); 
insert into instituicao values ('hospital 1 de Alpiarça', 'hospital', 4, 47); 
insert into instituicao values ('clinica 1 de Benavente', 'clinica', 4, 48); 
insert into instituicao values ('farmacia 2 de Benavente', 'farmacia', 4, 48); 
insert into instituicao values ('farmacia 3 de Benavente', 'farmacia', 4, 48); 
insert into instituicao values ('laboratorio 1 de Cartaxo', 'laboratorio', 4, 49); 
insert into instituicao values ('laboratorio 2 de Cartaxo', 'laboratorio', 4, 49); 
insert into instituicao values ('laboratorio 3 de Cartaxo', 'laboratorio', 4, 49); 
insert into instituicao values ('clinica 1 de Chamusca', 'clinica', 4, 50); 
insert into instituicao values ('hospital 1 de Constância', 'hospital', 4, 51); 
insert into instituicao values ('farmacia 1 de Coruche', 'farmacia', 4, 52); 
insert into instituicao values ('laboratorio 1 de Entroncamento', 'laboratorio', 4, 53); 
insert into instituicao values ('hospital 1 de Ferreira do Zêzere', 'hospital', 4, 54); 
insert into instituicao values ('hospital 2 de Ferreira do Zêzere', 'hospital', 4, 54); 
insert into instituicao values ('hospital 1 de Golegã', 'hospital', 4, 55); 
insert into instituicao values ('hospital 2 de Golegã', 'hospital', 4, 55); 
insert into instituicao values ('farmacia 1 de Mação', 'farmacia', 4, 56); 
insert into instituicao values ('clinica 2 de Mação', 'clinica', 4, 56); 
insert into instituicao values ('clinica 3 de Mação', 'clinica', 4, 56); 
insert into instituicao values ('hospital 1 de Rio Maior', 'hospital', 4, 57); 
insert into instituicao values ('hospital 2 de Rio Maior', 'hospital', 4, 57); 
insert into instituicao values ('clinica 3 de Rio Maior', 'clinica', 4, 57); 
insert into instituicao values ('laboratorio 1 de Salvaterra de Magos', 'laboratorio', 4, 58); 
insert into instituicao values ('hospital 1 de Santarém', 'hospital', 4, 59); 
insert into instituicao values ('clinica 2 de Santarém', 'clinica', 4, 59); 
insert into instituicao values ('clinica 1 de Sardoal', 'clinica', 4, 60); 
insert into instituicao values ('laboratorio 1 de Tomar', 'laboratorio', 4, 61); 
insert into instituicao values ('hospital 2 de Tomar', 'hospital', 4, 61); 
insert into instituicao values ('farmacia 3 de Tomar', 'farmacia', 4, 61); 
insert into instituicao values ('laboratorio 1 de Torres Novas', 'laboratorio', 4, 62); 
insert into instituicao values ('hospital 2 de Torres Novas', 'hospital', 4, 62); 
insert into instituicao values ('laboratorio 1 de Vila Nova da Barquinha', 'laboratorio', 4, 63); 
insert into instituicao values ('clinica 2 de Vila Nova da Barquinha', 'clinica', 4, 63); 
insert into instituicao values ('clinica 1 de Ourém', 'clinica', 4, 64); 
insert into instituicao values ('hospital 2 de Ourém', 'hospital', 4, 64); 
insert into instituicao values ('hospital 3 de Ourém', 'hospital', 4, 64); 
insert into instituicao values ('laboratorio 1 de Albufeira', 'laboratorio', 5, 1); 
insert into instituicao values ('hospital 2 de Albufeira', 'hospital', 5, 1); 
insert into instituicao values ('farmacia 3 de Albufeira', 'farmacia', 5, 1); 
insert into instituicao values ('clinica 1 de Alcoutim', 'clinica', 5, 2); 
insert into instituicao values ('farmacia 2 de Alcoutim', 'farmacia', 5, 2); 
insert into instituicao values ('laboratorio 3 de Alcoutim', 'laboratorio', 5, 2); 
insert into instituicao values ('clinica 1 de Aljezur', 'clinica', 5, 3); 
insert into instituicao values ('clinica 2 de Aljezur', 'clinica', 5, 3); 
insert into instituicao values ('farmacia 1 de Castro Marim', 'farmacia', 5, 4); 
insert into instituicao values ('clinica 2 de Castro Marim', 'clinica', 5, 4); 
insert into instituicao values ('laboratorio 3 de Castro Marim', 'laboratorio', 5, 4); 
insert into instituicao values ('clinica 1 de Faro', 'clinica', 5, 5); 
insert into instituicao values ('laboratorio 1 de Lagoa', 'laboratorio', 5, 6); 
insert into instituicao values ('clinica 2 de Lagoa', 'clinica', 5, 6); 
insert into instituicao values ('clinica 1 de Lagos', 'clinica', 5, 7); 
insert into instituicao values ('hospital 2 de Lagos', 'hospital', 5, 7); 
insert into instituicao values ('clinica 1 de Loulé', 'clinica', 5, 8); 
insert into instituicao values ('farmacia 1 de Monchique', 'farmacia', 5, 9); 
insert into instituicao values ('hospital 2 de Monchique', 'hospital', 5, 9); 
insert into instituicao values ('hospital 3 de Monchique', 'hospital', 5, 9); 
insert into instituicao values ('hospital 1 de Olhão', 'hospital', 5, 10); 
insert into instituicao values ('hospital 2 de Olhão', 'hospital', 5, 10); 
insert into instituicao values ('clinica 1 de Portimão', 'clinica', 5, 11); 
insert into instituicao values ('clinica 2 de Portimão', 'clinica', 5, 11); 
insert into instituicao values ('clinica 1 de São Brás de Alportel', 'clinica', 5, 12); 
insert into instituicao values ('hospital 1 de Silves', 'hospital', 5, 13); 
insert into instituicao values ('clinica 2 de Silves', 'clinica', 5, 13); 
insert into instituicao values ('farmacia 3 de Silves', 'farmacia', 5, 13); 
insert into instituicao values ('laboratorio 1 de Tavira', 'laboratorio', 5, 14); 
insert into instituicao values ('laboratorio 2 de Tavira', 'laboratorio', 5, 14); 
insert into instituicao values ('hospital 3 de Tavira', 'hospital', 5, 14); 
insert into instituicao values ('laboratorio 1 de Vila do Bispo', 'laboratorio', 5, 15); 
insert into instituicao values ('farmacia 1 de Vila Real de Santo António', 'farmacia', 5, 16); 
insert into instituicao values ('farmacia 2 de Vila Real de Santo António', 'farmacia', 5, 16); 
insert into instituicao values ('laboratorio 3 de Vila Real de Santo António', 'laboratorio', 5, 16); 
insert into medico values (6434, 'Ana Santos', 'Ortopedia'); 
insert into medico values (8150, 'Hugo Pereira', 'Ortopedia'); 
insert into medico values (5911, 'Cristina Magalhães', 'Cardiologia'); 
insert into medico values (8274, 'Isabel Ferreira', 'Pediatria'); 
insert into medico values (4361, 'Tiago Santos', 'Pediatria'); 
insert into medico values (3537, 'João Coutinho', 'Neurologia'); 
insert into medico values (6415, 'Cristina Leal', 'Cardiologia'); 
insert into medico values (5075, 'Filipa Coutinho', 'Ortopedia'); 
insert into medico values (3528, 'Isabel Ferreira', 'Cardiologia'); 
insert into medico values (1446, 'Luís Oliveira', 'Ortopedia'); 
insert into medico values (7557, 'Carlos Coutinho', 'Neurologia'); 
insert into medico values (7010, 'João Costa', 'Cardiologia'); 
insert into medico values (3133, 'Manuela Figueira', 'Oncologia'); 
insert into medico values (3091, 'Rui Pires', 'Neurologia'); 
insert into medico values (7075, 'Carlos Pereira', 'Oncologia'); 
insert into medico values (3015, 'Luís Leal', 'Pediatria'); 
insert into medico values (9079, 'Rui Pires', 'Ortopedia'); 
insert into medico values (5309, 'João Ferreira', 'Oncologia'); 
insert into medico values (5422, 'Luís Oliveira', 'Ortopedia'); 
insert into medico values (9539, 'Ricardo Coutinho', 'Ortopedia'); 
insert into consulta values (8150, 46791, '2019-12-13', 'laboratorio 1 de Albufeira'); 
insert into consulta values (5075, 96608, '2019-12-03', 'farmacia 1 de Cantanhede'); 
insert into consulta values (7010, 29395, '2020-08-25', 'farmacia 1 de Mortágua'); 
insert into consulta values (8274, 30963, '2019-01-30', 'farmacia 1 de Avis'); 
insert into consulta values (5911, 19198, '2020-11-06', 'clinica 1 de Cinfães'); 
insert into consulta values (5911, 85011, '2020-05-21', 'laboratorio 1 de Pedrógão Grande'); 
insert into consulta values (3091, 36413, '2019-12-23', 'hospital 3 de Odivelas'); 
insert into consulta values (4361, 99876, '2019-03-06', 'farmacia 1 de Carregal do Sal'); 
insert into consulta values (6434, 84585, '2020-10-30', 'farmacia 3 de Castanheira de Pêra'); 
insert into consulta values (7557, 25171, '2020-11-11', 'farmacia 3 de Almeirim'); 
insert into consulta values (6434, 22731, '2019-06-24', 'farmacia 1 de Melgaço'); 
insert into consulta values (3091, 52948, '2020-05-26', 'clinica 2 de Almeirim'); 
insert into consulta values (1446, 56964, '2020-03-19', 'laboratorio 1 de Tavira'); 
insert into consulta values (6415, 59029, '2019-12-10', 'laboratorio 1 de Gavião'); 
insert into consulta values (3537, 87073, '2019-02-27', 'hospital 1 de Rio Maior'); 
insert into consulta values (3528, 82842, '2019-12-19', 'farmacia 1 de Coruche'); 
insert into consulta values (5911, 59044, '2020-08-28', 'hospital 2 de Tábua'); 
insert into consulta values (6434, 87212, '2019-09-25', 'hospital 1 de Sertã'); 
insert into consulta values (4361, 61000, '2019-08-07', 'hospital 1 de Constância'); 
insert into consulta values (8150, 60744, '2020-01-15', 'clinica 1 de Fornos de Algodres'); 
insert into consulta values (3537, 23007, '2020-04-03', 'clinica 1 de Ourém'); 
insert into consulta values (7010, 91330, '2020-09-04', 'laboratorio 2 de Armamar'); 
insert into consulta values (1446, 47279, '2019-08-09', 'hospital 2 de Tábua'); 
insert into consulta values (5075, 36415, '2019-04-02', 'farmacia 2 de Portel'); 
insert into consulta values (4361, 25496, '2020-01-06', 'clinica 1 de Loulé'); 
insert into consulta values (6415, 51839, '2020-08-28', 'farmacia 3 de Borba'); 
insert into consulta values (9539, 68871, '2019-11-05', 'clinica 1 de Torre de Moncorvo'); 
insert into consulta values (3528, 81595, '2020-03-30', 'laboratorio 2 de Águeda'); 
insert into consulta values (3133, 57326, '2020-07-20', 'farmacia 2 de Odivelas'); 
insert into consulta values (3537, 96016, '2020-03-09', 'clinica 1 de Oliveira do Bairro'); 
insert into consulta values (3133, 91931, '2020-08-14', 'farmacia 3 de Penamacor'); 
insert into consulta values (6434, 92981, '2019-05-30', 'hospital 1 de Ovar'); 
insert into consulta values (7075, 15920, '2019-08-19', 'farmacia 2 de Peniche'); 
insert into consulta values (3528, 11033, '2019-05-31', 'laboratorio 1 de Mira'); 
insert into consulta values (3015, 18989, '2019-12-02', 'farmacia 1 de Penafiel'); 
insert into consulta values (3091, 38135, '2019-12-30', 'farmacia 3 de Silves'); 
insert into consulta values (8274, 73766, '2020-03-06', 'laboratorio 3 de Idanha-a-Nova'); 
insert into consulta values (3091, 59049, '2019-02-18', 'laboratorio 1 de Vila Nova de Paiva'); 
insert into consulta values (9539, 18847, '2019-02-15', 'farmacia 1 de Avis'); 
insert into consulta values (5309, 42582, '2019-03-15', 'farmacia 1 de Ponte de Sor'); 
insert into consulta values (3133, 26289, '2020-10-23', 'hospital 2 de Albufeira'); 
insert into consulta values (3015, 54459, '2019-10-25', 'farmacia 1 de Santiago do Cacém'); 
insert into consulta values (1446, 64763, '2020-01-20', 'farmacia 2 de Mealhada'); 
insert into consulta values (9079, 77122, '2020-08-07', 'clinica 3 de Belmonte'); 
insert into consulta values (3133, 36273, '2020-04-09', 'laboratorio 3 de Amares'); 
insert into consulta values (1446, 53759, '2020-01-16', 'clinica 2 de Portimão'); 
insert into consulta values (5911, 12388, '2019-03-08', 'laboratorio 3 de Castro Marim'); 
insert into consulta values (1446, 68244, '2020-10-16', 'clinica 2 de Portalegre'); 
insert into consulta values (5309, 44506, '2019-06-04', 'farmacia 2 de Alenquer'); 
insert into consulta values (9079, 81820, '2019-07-26', 'clinica 2 de Lagoa'); 
insert into consulta values (5911, 16223, '2019-01-23', 'hospital 1 de Moura'); 
insert into consulta values (3133, 79805, '2019-09-03', 'farmacia 1 de Macedo de Cavaleiros'); 
insert into consulta values (5075, 64809, '2019-06-13', 'clinica 1 de Sardoal'); 
insert into consulta values (3091, 99447, '2020-03-24', 'laboratorio 3 de Amares'); 
insert into consulta values (5075, 74671, '2020-10-20', 'laboratorio 1 de Seixal'); 
insert into consulta values (9539, 61102, '2020-03-26', 'farmacia 2 de Oleiros'); 
insert into consulta values (6434, 64870, '2020-12-28', 'laboratorio 1 de Cartaxo'); 
insert into consulta values (8150, 34760, '2019-08-06', 'farmacia 1 de Sintra'); 
insert into consulta values (7075, 86409, '2020-06-16', 'laboratorio 1 de Idanha-a-Nova'); 
insert into consulta values (3133, 27067, '2020-06-04', 'laboratorio 2 de Vila de Rei'); 
insert into consulta values (4361, 52818, '2019-09-09', 'hospital 2 de Penedono'); 
insert into consulta values (3133, 78381, '2020-07-23', 'hospital 2 de Caldas da Rainha'); 
insert into consulta values (3537, 78968, '2020-11-27', 'laboratorio 1 de Lousada'); 
insert into consulta values (8274, 36792, '2020-11-24', 'laboratorio 2 de Penamacor'); 
insert into consulta values (9079, 48023, '2020-01-15', 'clinica 2 de Ponte de Lima'); 
insert into consulta values (5075, 34314, '2020-06-19', 'hospital 2 de Golegã'); 
insert into consulta values (3133, 61071, '2020-01-07', 'laboratorio 1 de Tabuaço'); 
insert into consulta values (7557, 21643, '2019-11-05', 'laboratorio 1 de Lourinhã'); 
insert into consulta values (3528, 21559, '2020-09-25', 'laboratorio 2 de Monção'); 
insert into consulta values (7557, 32527, '2019-07-05', 'farmacia 3 de Póvoa de Lanhoso'); 
insert into consulta values (3528, 54311, '2020-06-19', 'clinica 1 de Benavente'); 
insert into consulta values (6434, 61616, '2020-01-16', 'hospital 1 de Trancoso'); 
insert into consulta values (3528, 31809, '2019-06-27', 'laboratorio 3 de Cartaxo'); 
insert into consulta values (4361, 39214, '2020-12-17', 'farmacia 1 de Macedo de Cavaleiros'); 
insert into consulta values (5911, 31256, '2020-03-23', 'clinica 1 de Alcochete'); 
insert into consulta values (5309, 71111, '2020-06-19', 'laboratorio 2 de Almada'); 
insert into consulta values (5422, 50827, '2019-01-28', 'laboratorio 1 de Penalva do Castelo'); 
insert into consulta values (9079, 27705, '2019-08-16', 'hospital 2 de Santiago do Cacém'); 
insert into consulta values (7010, 26635, '2019-06-24', 'clinica 3 de Rio Maior'); 
insert into consulta values (5422, 36856, '2019-01-29', 'laboratorio 1 de Mora'); 
insert into consulta values (3528, 33936, '2019-07-11', 'farmacia 3 de Porto'); 
insert into consulta values (5422, 36032, '2020-01-14', 'laboratorio 2 de Ílhavo'); 
insert into consulta values (3133, 37766, '2019-11-13', 'hospital 2 de Mondim de Basto'); 
insert into consulta values (3528, 22659, '2019-01-02', 'clinica 2 de Almodôvar'); 
insert into consulta values (7075, 88605, '2019-06-21', 'farmacia 1 de Alfândega da Fé'); 
insert into consulta values (3133, 24323, '2020-10-12', 'farmacia 2 de Monforte'); 
insert into consulta values (3537, 35431, '2020-10-02', 'farmacia 2 de Benavente'); 
insert into consulta values (5911, 70427, '2019-02-11', 'laboratorio 1 de Lagoa'); 
insert into consulta values (8150, 97094, '2020-12-02', 'farmacia 2 de Resende'); 
insert into consulta values (3015, 49424, '2020-11-30', 'hospital 3 de Alenquer'); 
insert into consulta values (1446, 95500, '2019-08-09', 'laboratorio 2 de Vieira do Minho'); 
insert into consulta values (7075, 84031, '2020-03-04', 'farmacia 3 de Albufeira'); 
insert into consulta values (3015, 83715, '2019-01-14', 'laboratorio 2 de Vieira do Minho'); 
insert into consulta values (4361, 42024, '2020-05-14', 'farmacia 3 de Vagos'); 
insert into consulta values (1446, 31092, '2019-04-18', 'laboratorio 1 de Tondela'); 
insert into consulta values (3528, 25580, '2020-06-17', 'hospital 1 de Boticas'); 
insert into consulta values (3528, 44801, '2020-01-03', 'clinica 1 de Seia'); 
insert into consulta values (5422, 27081, '2019-06-12', 'farmacia 1 de Sintra'); 
insert into consulta values (9079, 58928, '2019-03-04', 'farmacia 1 de Águeda'); 
insert into consulta values (3133, 82536, '2020-05-14', 'hospital 2 de Anadia'); 
insert into prescricao values (7557, 25171, '2020-11-11', 'Aspirina', 71); 
insert into prescricao values (3528, 25580, '2020-06-17', 'Aspirina', 17); 
insert into prescricao values (9079, 48023, '2020-01-15', 'Aspirina', 51); 
insert into prescricao values (8150, 34760, '2019-08-06', 'Aspirina', 88); 
insert into prescricao values (3133, 36273, '2020-04-09', 'Aspirina', 80); 
insert into prescricao values (4361, 39214, '2020-12-17', 'Brufen', 66); 
insert into prescricao values (3015, 83715, '2019-01-14', 'Aspirina', 48); 
insert into prescricao values (3528, 22659, '2019-01-02', 'Aspirina', 89); 
insert into prescricao values (9079, 27705, '2019-08-16', 'Aspirina', 33); 
insert into prescricao values (3091, 38135, '2019-12-30', 'Fenistil', 50); 
insert into prescricao values (3528, 81595, '2020-03-30', 'Aspirina', 96); 
insert into prescricao values (7075, 86409, '2020-06-16', 'Aspirina', 54); 
insert into prescricao values (7075, 88605, '2019-06-21', 'Aspirina', 75); 
insert into prescricao values (3091, 59049, '2019-02-18', 'Aspirina', 71); 
insert into prescricao values (7557, 32527, '2019-07-05', 'Aspirina', 50); 
insert into prescricao values (3133, 26289, '2020-10-23', 'Aspirina', 1); 
insert into prescricao values (8274, 30963, '2019-01-30', 'Aspirina', 70); 
insert into prescricao values (3133, 61071, '2020-01-07', 'Aspirina', 91); 
insert into prescricao values (5422, 50827, '2019-01-28', 'Aspirina', 88); 
insert into prescricao values (7557, 32527, '2019-07-05', 'Fenistil', 92); 
insert into prescricao values (5075, 34314, '2020-06-19', 'Aspirina', 67); 
insert into prescricao values (7010, 26635, '2019-06-24', 'Aspirina', 40); 
insert into prescricao values (5911, 70427, '2019-02-11', 'Aspirina', 86); 
insert into prescricao values (9079, 77122, '2020-08-07', 'Aspirina', 77); 
insert into prescricao values (5911, 85011, '2020-05-21', 'Aerius', 21); 
insert into prescricao values (1446, 95500, '2019-08-09', 'Aspirina', 100); 
insert into prescricao values (9539, 61102, '2020-03-26', 'Aspirina', 56); 
insert into prescricao values (9079, 58928, '2019-03-04', 'Aspirina', 92); 
insert into prescricao values (5911, 12388, '2019-03-08', 'Aspirina', 72); 
insert into prescricao values (9539, 68871, '2019-11-05', 'Aspirina', 9); 
insert into prescricao values (3537, 96016, '2020-03-09', 'Aspirina', 53); 
insert into prescricao values (5911, 31256, '2020-03-23', 'Aspirina', 29); 
insert into prescricao values (3133, 27067, '2020-06-04', 'Brufen', 3); 
insert into prescricao values (3091, 36413, '2019-12-23', 'Aspirina', 79); 
insert into prescricao values (3528, 33936, '2019-07-11', 'Aspirina', 68); 
insert into prescricao values (9079, 77122, '2020-08-07', 'Benuron', 81); 
insert into prescricao values (3528, 21559, '2020-09-25', 'Brufen', 6); 
insert into prescricao values (8274, 73766, '2020-03-06', 'Aspirina', 5); 
insert into prescricao values (3528, 11033, '2019-05-31', 'Aspirina', 77); 
insert into prescricao values (1446, 95500, '2019-08-09', 'Aerius', 98); 
insert into prescricao values (1446, 56964, '2020-03-19', 'Aerius', 82); 
insert into prescricao values (6434, 84585, '2020-10-30', 'Gaviscon', 78); 
insert into prescricao values (3133, 79805, '2019-09-03', 'Aspirina', 39); 
insert into prescricao values (4361, 99876, '2019-03-06', 'Aspirina', 9); 
insert into prescricao values (5911, 59044, '2020-08-28', 'Brufen', 68); 
insert into prescricao values (6434, 64870, '2020-12-28', 'Aspirina', 97); 
insert into prescricao values (5075, 34314, '2020-06-19', 'Brufen', 8); 
insert into prescricao values (3537, 87073, '2019-02-27', 'Aspirina', 35); 
insert into prescricao values (6434, 61616, '2020-01-16', 'Gaviscon', 22); 
insert into prescricao values (5075, 74671, '2020-10-20', 'Aspirina', 68); 
insert into prescricao values (3091, 52948, '2020-05-26', 'Benuron', 66); 
insert into prescricao values (7557, 21643, '2019-11-05', 'Fenistil', 48); 
insert into prescricao values (3133, 78381, '2020-07-23', 'Aspirina', 45); 
insert into prescricao values (9079, 81820, '2019-07-26', 'Benuron', 40); 
insert into prescricao values (3133, 24323, '2020-10-12', 'Aspirina', 87); 
insert into prescricao values (3528, 82842, '2019-12-19', 'Aspirina', 33); 
insert into prescricao values (5422, 36032, '2020-01-14', 'Aspirina', 54); 
insert into prescricao values (5911, 59044, '2020-08-28', 'Benuron', 22); 
insert into prescricao values (7010, 91330, '2020-09-04', 'Aspirina', 7); 
insert into prescricao values (7557, 21643, '2019-11-05', 'Aspirina', 85); 
insert into prescricao values (1446, 47279, '2019-08-09', 'Brufen', 67); 
insert into prescricao values (4361, 25496, '2020-01-06', 'Benuron', 91); 
insert into prescricao values (1446, 68244, '2020-10-16', 'Aspirina', 51); 
insert into prescricao values (5309, 42582, '2019-03-15', 'Gaviscon', 13); 
insert into prescricao values (8274, 36792, '2020-11-24', 'Aspirina', 98); 
insert into prescricao values (3015, 18989, '2019-12-02', 'Aspirina', 95); 
insert into prescricao values (9079, 81820, '2019-07-26', 'Brufen', 34); 
insert into prescricao values (4361, 61000, '2019-08-07', 'Aspirina', 90); 
insert into prescricao values (6434, 61616, '2020-01-16', 'Aspirina', 35); 
insert into prescricao values (3537, 23007, '2020-04-03', 'Aspirina', 56); 
insert into prescricao values (3091, 38135, '2019-12-30', 'Aerius', 98); 
insert into prescricao values (3537, 87073, '2019-02-27', 'Gaviscon', 79); 
insert into prescricao values (8150, 46791, '2019-12-13', 'Aspirina', 27); 
insert into prescricao values (7557, 21643, '2019-11-05', 'Brufen', 82); 
insert into prescricao values (7557, 25171, '2020-11-11', 'Aerius', 26); 
insert into prescricao values (3133, 78381, '2020-07-23', 'Fenistil', 41); 
insert into prescricao values (3528, 82842, '2019-12-19', 'Benuron', 54); 
insert into prescricao values (5075, 96608, '2019-12-03', 'Aspirina', 51); 
insert into prescricao values (9079, 77122, '2020-08-07', 'Gaviscon', 47); 
insert into prescricao values (3133, 24323, '2020-10-12', 'Aerius', 39); 
insert into prescricao values (3528, 82842, '2019-12-19', 'Gaviscon', 83); 
insert into prescricao values (6434, 84585, '2020-10-30', 'Aspirina', 47); 
insert into prescricao values (5422, 36856, '2019-01-29', 'Benuron', 37); 
insert into prescricao values (3133, 57326, '2020-07-20', 'Aspirina', 11); 
insert into prescricao values (4361, 61000, '2019-08-07', 'Brufen', 76); 
insert into prescricao values (5422, 27081, '2019-06-12', 'Aspirina', 96); 
insert into prescricao values (3133, 24323, '2020-10-12', 'Fenistil', 87); 
insert into prescricao values (5422, 36856, '2019-01-29', 'Gaviscon', 98); 
insert into prescricao values (3015, 49424, '2020-11-30', 'Aspirina', 78); 
insert into prescricao values (4361, 39214, '2020-12-17', 'Aspirina', 7); 
insert into prescricao values (9079, 77122, '2020-08-07', 'Brufen', 23); 
insert into prescricao values (5911, 59044, '2020-08-28', 'Aspirina', 18); 
insert into prescricao values (5911, 85011, '2020-05-21', 'Aspirina', 66); 
insert into prescricao values (7075, 15920, '2019-08-19', 'Aspirina', 25); 
insert into prescricao values (3015, 83715, '2019-01-14', 'Fenistil', 69); 
insert into prescricao values (3528, 33936, '2019-07-11', 'Aerius', 68); 
insert into prescricao values (5309, 42582, '2019-03-15', 'Aspirina', 42); 
insert into prescricao values (5422, 36032, '2020-01-14', 'Brufen', 30); 
insert into prescricao values (9539, 18847, '2019-02-15', 'Aspirina', 61); 
insert into prescricao values (3133, 82536, '2020-05-14', 'Aspirina', 56); 
insert into analise values (9127, 'Pediatria', 4361, 42024, '2020-05-14', '2020-05-18', 'glicémia', 13, 'laboratorio 1 de Penela'); 
insert into analise values (8313, 'Pediatria', 4361, 99876, '2019-03-06', '2019-03-09', 'açúcar', 86, 'clinica 2 de Avis'); 
insert into analise values (5531, 'Cardiologia', 5911, 70427, '2019-02-11', '2019-02-15', 'eritrócitos', 83, 'laboratorio 1 de Serpa'); 
insert into analise values (2593, 'Pediatria', 4361, 42024, '2020-05-14', '2020-05-15', 'glicémia', 21, 'farmacia 3 de Penamacor'); 
insert into analise values (9785, 'Oncologia', 3133, 36273, '2020-04-09', '2020-04-12', 'plaquetas', 32, 'hospital 2 de Monchique'); 
insert into analise values (8945, 'Ortopedia', 5422, 50827, '2019-01-28', '2019-01-31', 'açúcar', 72, 'laboratorio 3 de Sátão'); 
insert into analise values (5735, 'Neurologia', 3091, 38135, '2019-12-30', '2019-12-30', 'açúcar', 23, 'farmacia 2 de Alcoutim'); 
insert into analise values (6252, 'Neurologia', 3091, 59049, '2019-02-18', '2019-02-21', 'colestrol', 51, 'laboratorio 2 de Cartaxo'); 
insert into analise values (2697, 'Neurologia', 3537, 78968, '2020-11-27', '2020-11-30', 'leucócitos', 54, 'clinica 1 de Sousel'); 
insert into analise values (2440, 'Oncologia', 5309, 44506, '2019-06-04', '2019-06-08', 'pressão', 49, 'farmacia 1 de Vieira do Minho'); 
insert into analise values (5982, 'Oncologia', 3133, 91931, '2020-08-14', '2020-08-16', 'plaquetas', 45, 'laboratorio 2 de Penamacor'); 
insert into analise values (8952, 'Cardiologia', 3528, 81595, '2020-03-30', '2020-03-30', 'leucócitos', 21, 'farmacia 2 de Alcoutim'); 
insert into analise values (1106, 'Oncologia', 5309, 44506, '2019-06-04', '2019-06-06', 'glicémia', 10, 'clinica 1 de Cabeceiras de Basto'); 
insert into analise values (5209, 'Pediatria', 3015, 83715, '2019-01-14', '2019-01-14', 'colestrol', 5, 'farmacia 3 de Póvoa de Lanhoso'); 
insert into analise values (1602, 'Cardiologia', 3528, 31809, '2019-06-27', '2019-06-28', 'eritrócitos', 15, 'hospital 2 de Vila do Conde'); 
insert into analise values (4622, 'Cardiologia', 7010, 29395, '2020-08-25', '2020-08-29', 'leucócitos', 33, 'farmacia 1 de Cantanhede'); 
insert into analise values (3955, 'Neurologia', 3091, 36413, '2019-12-23', '2019-12-24', 'açúcar', 47, 'hospital 1 de Aguiar da Beira'); 
insert into analise values (3218, 'Cardiologia', 5911, 16223, '2019-01-23', '2019-01-25', 'plaquetas', 58, 'farmacia 1 de Avis'); 
insert into analise values (4512, 'Neurologia', 3091, 52948, '2020-05-26', '2020-05-26', 'colestrol', 41, 'clinica 1 de Alcácer do Sal'); 
insert into analise values (2687, 'Neurologia', 3091, 38135, '2019-12-30', '2020-01-02', 'açúcar', 96, 'laboratorio 1 de Vila do Bispo'); 
insert into analise values (9370, 'Pediatria', 8274, 36792, '2020-11-24', '2020-11-26', 'plaquetas', 5, 'hospital 1 de Sernancelhe'); 
insert into analise values (1772, 'Pediatria', 4361, 42024, '2020-05-14', '2020-05-16', 'açúcar', 42, 'clinica 1 de Maia'); 
insert into analise values (6873, 'Ortopedia', 1446, 68244, '2020-10-16', '2020-10-16', 'plaquetas', 16, 'farmacia 2 de Vagos'); 
insert into analise values (4161, 'Oncologia', 5309, 44506, '2019-06-04', '2019-06-08', 'eritrócitos', 40, 'laboratorio 2 de Óbidos'); 
insert into analise values (2810, 'Cardiologia', 3528, 21559, '2020-09-25', '2020-09-28', 'pressão', 1, 'clinica 2 de Mação'); 
insert into analise values (6784, 'Oncologia', 5309, 71111, '2020-06-19', '2020-06-21', 'leucócitos', 90, 'clinica 1 de Sesimbra'); 
insert into analise values (1039, 'Oncologia', 3133, 37766, '2019-11-13', '2019-11-16', 'colestrol', 7, 'laboratorio 2 de Vieira do Minho'); 
insert into analise values (7268, 'Cardiologia', 7010, 26635, '2019-06-24', '2019-06-26', 'eritrócitos', 3, 'hospital 2 de Carregal do Sal'); 
insert into analise values (1402, 'Oncologia', 3133, 36273, '2020-04-09', '2020-04-13', 'colestrol', 99, 'farmacia 1 de Crato'); 
insert into analise values (4990, 'Pediatria', 4361, 99876, '2019-03-06', '2019-03-06', 'colestrol', 55, 'laboratorio 1 de Miranda do Corvo'); 
insert into analise values (8525, 'Ortopedia', 6434, 22731, '2019-06-24', '2019-06-26', 'colestrol', 17, 'farmacia 3 de Portel'); 
insert into analise values (8755, 'Cardiologia', 3528, 22659, '2019-01-02', '2019-01-04', 'leucócitos', 18, 'hospital 1 de Mondim de Basto'); 
insert into analise values (6852, 'Neurologia', 7557, 25171, '2020-11-11', '2020-11-12', 'açúcar', 97, 'laboratorio 2 de Paredes de Coura'); 
insert into analise values (7194, 'Cardiologia', 3528, 33936, '2019-07-11', '2019-07-11', 'açúcar', 96, 'hospital 2 de Monchique'); 
insert into analise values (3953, 'Pediatria', 3015, 18989, '2019-12-02', '2019-12-02', 'glicémia', 53, 'clinica 1 de São Brás de Alportel'); 
insert into analise values (5911, 'Neurologia', 3091, 36413, '2019-12-23', '2019-12-24', 'eritrócitos', 6, 'laboratorio 1 de Mangualde'); 
insert into analise values (7349, 'Oncologia', 3133, 79805, '2019-09-03', '2019-09-05', 'pressão', 57, 'clinica 3 de Santiago do Cacém'); 
insert into analise values (9916, 'Oncologia', 7075, 86409, '2020-06-16', '2020-06-17', 'açúcar', 36, 'farmacia 3 de Albufeira'); 
insert into analise values (5805, 'Oncologia', 3133, 26289, '2020-10-23', '2020-10-23', 'açúcar', 53, 'hospital 1 de Gouveia'); 
insert into analise values (7973, 'Cardiologia', 5911, 12388, '2019-03-08', '2019-03-12', 'eritrócitos', 1, 'farmacia 1 de Celorico da Beira'); 
insert into analise values (3320, 'Oncologia', 3133, 78381, '2020-07-23', '2020-07-23', 'açúcar', 82, 'hospital 2 de Caldas da Rainha'); 
insert into analise values (9582, 'Cardiologia', 6415, 51839, '2020-08-28', '2020-08-31', 'leucócitos', 34, 'laboratorio 1 de Cartaxo'); 
insert into analise values (5804, 'Pediatria', 3015, 83715, '2019-01-14', '2019-01-18', 'plaquetas', 65, 'laboratorio 1 de Ansião'); 
insert into analise values (6480, 'Ortopedia', 5075, 64809, '2019-06-13', '2019-06-17', 'colestrol', 29, 'clinica 1 de Sardoal'); 
insert into analise values (3721, 'Oncologia', 7075, 88605, '2019-06-21', '2019-06-25', 'leucócitos', 53, 'laboratorio 1 de Sabugal'); 
insert into analise values (4076, 'Oncologia', 5309, 44506, '2019-06-04', '2019-06-07', 'pressão', 83, 'clinica 1 de São Pedro do Sul'); 
insert into analise values (9925, 'Neurologia', 7557, 21643, '2019-11-05', '2019-11-06', 'glicémia', 28, 'hospital 2 de Murtosa'); 
insert into analise values (4079, 'Pediatria', 4361, 39214, '2020-12-17', '2020-12-20', 'colestrol', 51, 'farmacia 2 de Amares'); 
insert into analise values (9998, 'Neurologia', 3091, 36413, '2019-12-23', '2019-12-25', 'açúcar', 88, 'farmacia 3 de Porto'); 
insert into analise values (4650, 'Cardiologia', 5911, 31256, '2020-03-23', '2020-03-23', 'glicémia', 56, 'farmacia 3 de Boticas'); 
insert into analise values (6163, 'Oncologia', NULL, NULL, NULL, '2020-02-04', 'glicémia', 41, 'hospital 1 de Elvas'); 
insert into analise values (8311, 'Ortopedia', 9539, 68871, '2019-11-05', '2019-11-09', 'eritrócitos', 93, 'farmacia 1 de Mourão'); 
insert into analise values (6401, 'Neurologia', 3091, 99447, '2020-03-24', '2020-03-25', 'plaquetas', 70, 'hospital 2 de Tomar'); 
insert into analise values (8822, 'Cardiologia', 3528, 44801, '2020-01-03', '2020-01-03', 'leucócitos', 53, 'clinica 2 de Póvoa de Lanhoso'); 
insert into analise values (2253, 'Neurologia', 3091, 38135, '2019-12-30', '2019-12-30', 'colestrol', 95, 'laboratorio 3 de Alcoutim'); 
insert into analise values (4486, 'Neurologia', 3091, 59049, '2019-02-18', '2019-02-21', 'pressão', 60, 'farmacia 1 de Alfândega da Fé'); 
insert into analise values (5952, 'Pediatria', 3015, 18989, '2019-12-02', '2019-12-06', 'eritrócitos', 32, 'farmacia 1 de Pombal'); 
insert into analise values (9462, 'Ortopedia', 1446, 68244, '2020-10-16', '2020-10-17', 'açúcar', 53, 'farmacia 1 de Paredes de Coura'); 
insert into analise values (9239, 'Pediatria', 3015, 54459, '2019-10-25', '2019-10-25', 'açúcar', 27, 'clinica 1 de Arraiolos'); 
insert into analise values (3162, 'Ortopedia', 9079, 77122, '2020-08-07', '2020-08-11', 'pressão', 9, 'farmacia 2 de Arganil'); 
insert into analise values (6615, 'Neurologia', 3091, 36413, '2019-12-23', '2019-12-25', 'eritrócitos', 59, 'hospital 2 de Ourique'); 
insert into analise values (4873, 'Pediatria', 4361, 25496, '2020-01-06', '2020-01-07', 'eritrócitos', 18, 'farmacia 1 de Vila Flor'); 
insert into analise values (9141, 'Ortopedia', 6434, 64870, '2020-12-28', '2020-12-29', 'pressão', 6, 'laboratorio 1 de Idanha-a-Nova'); 
insert into analise values (6677, 'Cardiologia', 6415, 51839, '2020-08-28', '2020-08-31', 'pressão', 10, 'hospital 1 de Silves'); 
insert into analise values (3448, 'Ortopedia', 9079, 77122, '2020-08-07', '2020-08-11', 'glicémia', 27, 'hospital 2 de Santa Marta de Penaguião'); 
insert into analise values (7722, 'Oncologia', 3133, 24323, '2020-10-12', '2020-10-15', 'pressão', 44, 'clinica 2 de Serpa'); 
insert into analise values (4201, 'Ortopedia', 5075, 36415, '2019-04-02', '2019-04-06', 'leucócitos', 79, 'farmacia 3 de Vagos'); 
insert into analise values (3622, 'Neurologia', 7557, 21643, '2019-11-05', '2019-11-05', 'leucócitos', 20, 'hospital 2 de Guarda'); 
insert into analise values (5395, 'Oncologia', 5309, 42582, '2019-03-15', '2019-03-19', 'glicémia', 9, 'laboratorio 2 de Cascais'); 
insert into analise values (9521, 'Pediatria', 4361, 39214, '2020-12-17', '2020-12-17', 'glicémia', 64, 'clinica 2 de Almodôvar'); 
insert into analise values (6589, 'Pediatria', 8274, 30963, '2019-01-30', '2019-02-01', 'pressão', 42, 'laboratorio 3 de Vila Real de Santo António'); 
insert into analise values (2198, 'Cardiologia', 3528, 11033, '2019-05-31', '2019-06-03', 'plaquetas', 45, 'clinica 2 de Mogadouro'); 
insert into analise values (6771, 'Cardiologia', 7010, 26635, '2019-06-24', '2019-06-28', 'glicémia', 67, 'hospital 3 de Odivelas'); 
insert into analise values (1778, 'Pediatria', 3015, 54459, '2019-10-25', '2019-10-29', 'pressão', 76, 'laboratorio 2 de Porto'); 
insert into analise values (9402, 'Ortopedia', 5422, 50827, '2019-01-28', '2019-01-31', 'açúcar', 74, 'clinica 1 de Ponte de Lima'); 
insert into analise values (4710, 'Neurologia', 3537, 78968, '2020-11-27', '2020-11-28', 'plaquetas', 97, 'clinica 1 de Ponte de Lima'); 
insert into analise values (1221, 'Ortopedia', 9539, 18847, '2019-02-15', '2019-02-15', 'glicémia', 2, 'laboratorio 3 de Castro Daire'); 
insert into analise values (9093, 'Oncologia', 3133, 91931, '2020-08-14', '2020-08-17', 'leucócitos', 90, 'hospital 2 de Murtosa'); 
insert into analise values (4880, 'Cardiologia', 3528, 33936, '2019-07-11', '2019-07-13', 'açúcar', 84, 'laboratorio 1 de Reguengos de Monsaraz'); 
insert into analise values (8165, 'Pediatria', 3015, 49424, '2020-11-30', '2020-12-01', 'eritrócitos', 68, 'laboratorio 1 de Albergaria-a-Velha'); 
insert into analise values (2568, 'Pediatria', 8274, 73766, '2020-03-06', '2020-03-08', 'leucócitos', 76, 'laboratorio 1 de Arcos de Valdevez'); 
insert into analise values (6110, 'Pediatria', 8274, 30963, '2019-01-30', '2019-02-03', 'pressão', 44, 'farmacia 2 de Oleiros'); 
insert into analise values (9960, 'Oncologia', 3133, 36273, '2020-04-09', '2020-04-13', 'glicémia', 57, 'hospital 1 de Alcobaça'); 
insert into analise values (5446, 'Cardiologia', 3528, 25580, '2020-06-17', '2020-06-21', 'açúcar', 56, 'farmacia 2 de Fundão'); 
insert into analise values (2285, 'Cardiologia', 3528, 11033, '2019-05-31', '2019-06-02', 'açúcar', 4, 'farmacia 3 de Silves'); 
insert into analise values (8374, 'Oncologia', 3133, 82536, '2020-05-14', '2020-05-17', 'plaquetas', 93, 'laboratorio 2 de Fafe'); 
insert into analise values (4689, 'Pediatria', 4361, 39214, '2020-12-17', '2020-12-18', 'plaquetas', 47, 'clinica 1 de Sobral de Monte Agraço'); 
insert into analise values (6325, 'Cardiologia', 7010, 26635, '2019-06-24', '2019-06-25', 'pressão', 70, 'laboratorio 1 de Barcelos'); 
insert into analise values (8632, 'Neurologia', 3537, 78968, '2020-11-27', '2020-11-27', 'pressão', 12, 'laboratorio 2 de Mesão Frio'); 
insert into analise values (4297, 'Oncologia', 3133, 57326, '2020-07-20', '2020-07-20', 'pressão', 54, 'farmacia 2 de Vila Real de Santo António'); 
insert into analise values (4364, 'Oncologia', 3133, 82536, '2020-05-14', '2020-05-18', 'plaquetas', 5, 'laboratorio 1 de Mangualde'); 
insert into analise values (7687, 'Cardiologia', 3528, 82842, '2019-12-19', '2019-12-22', 'plaquetas', 81, 'laboratorio 1 de Sabugal'); 
insert into analise values (6209, 'Cardiologia', 5911, 12388, '2019-03-08', '2019-03-09', 'eritrócitos', 34, 'hospital 3 de Moura'); 
insert into analise values (1746, 'Cardiologia', 5911, 59044, '2020-08-28', '2020-09-01', 'leucócitos', 63, 'laboratorio 1 de Castanheira de Pêra'); 
insert into analise values (2191, 'Oncologia', 3133, 78381, '2020-07-23', '2020-07-26', 'eritrócitos', 48, 'hospital 2 de Caldas da Rainha'); 
insert into analise values (5407, 'Oncologia', 3133, 27067, '2020-06-04', '2020-06-05', 'leucócitos', 89, 'hospital 2 de Castelo Branco'); 
insert into analise values (6918, 'Oncologia', 5309, 71111, '2020-06-19', '2020-06-22', 'pressão', 62, 'clinica 1 de Benavente'); 
insert into analise values (6293, 'Pediatria', 3015, 18989, '2019-12-02', '2019-12-04', 'pressão', 20, 'farmacia 1 de Pinhel'); 
insert into analise values (6608, 'Ortopedia', 1446, 47279, '2019-08-09', '2019-08-13', 'pressão', 47, 'clinica 3 de Santiago do Cacém'); 
insert into analise values (5686, 'Oncologia', 3133, 82536, '2020-05-14', '2020-05-15', 'leucócitos', 86, 'laboratorio 1 de Tondela'); 
insert into venda_farmacia values (845, '2019-08-10', 'Brufen', 27, 2.96, 'farmacia 1 de Santo Tirso'); 
insert into prescricao_venda values (4361, 61000, '2019-08-07', 'Brufen', 845); 
insert into venda_farmacia values (821, '2019-07-24', 'Aspirina', 57, 29.44, 'farmacia 2 de Arouca'); 
insert into prescricao_venda values (3528, 33936, '2019-07-11', 'Aspirina', 821); 
insert into venda_farmacia values (806, '2019-08-13', 'Brufen', 49, 70.48, 'farmacia 1 de Arouca'); 
insert into prescricao_venda values (9079, 81820, '2019-07-26', 'Brufen', 806); 
insert into venda_farmacia values (535, '2019-02-21', 'Aspirina', 69, 48.58, 'farmacia 2 de Arouca'); 
insert into prescricao_venda values (8274, 30963, '2019-01-30', 'Aspirina', 535); 
insert into venda_farmacia values (676, '2020-04-24', 'Aspirina', 50, 80.85, 'farmacia 3 de Portel'); 
insert into prescricao_venda values (3528, 81595, '2020-03-30', 'Aspirina', 676); 
insert into venda_farmacia values (836, '2020-08-13', 'Aspirina', 16, 46.27, 'farmacia 1 de Alter do Chão'); 
insert into prescricao_venda values (3133, 78381, '2020-07-23', 'Aspirina', 836); 
insert into venda_farmacia values (786, '2020-11-21', 'Aspirina', 12, 26.82, 'farmacia 1 de Arouca'); 
insert into prescricao_venda values (6434, 84585, '2020-10-30', 'Aspirina', 786); 
insert into venda_farmacia values (835, '2021-01-10', 'Aspirina', 37, 23.97, 'farmacia 1 de Arouca'); 
insert into prescricao_venda values (4361, 39214, '2020-12-17', 'Aspirina', 835); 
insert into venda_farmacia values (428, '2020-11-04', 'Gaviscon', 41, 78.44, 'farmacia 2 de Arouca'); 
insert into prescricao_venda values (6434, 84585, '2020-10-30', 'Gaviscon', 428); 
insert into venda_farmacia values (883, '2019-09-11', 'Aspirina', 60, 55.99, 'farmacia 1 de Arouca'); 
insert into prescricao_venda values (8150, 34760, '2019-08-06', 'Aspirina', 883); 
insert into venda_farmacia values (520, '2019-07-12', 'Aspirina', 66, 77.29, 'farmacia 1 de Tarouca'); 
insert into prescricao_venda values (3528, 11033, '2019-05-31', 'Aspirina', 520); 
insert into venda_farmacia values (850, '2020-02-16', 'Aspirina', 27, 52.82, 'farmacia 2 de Arouca'); 
insert into prescricao_venda values (3528, 82842, '2019-12-19', 'Aspirina', 850); 
insert into venda_farmacia values (208, '2020-05-16', 'Aspirina', 58, 80.47, 'farmacia 1 de Mortágua'); 
insert into prescricao_venda values (9539, 61102, '2020-03-26', 'Aspirina', 208); 
insert into venda_farmacia values (358, '2019-10-05', 'Aerius', 89, 97.21, 'farmacia 2 de Arouca'); 
insert into prescricao_venda values (1446, 95500, '2019-08-09', 'Aerius', 358); 
insert into venda_farmacia values (955, '2021-01-01', 'Aerius', 91, 32.86, 'farmacia 2 de Sernancelhe'); 
insert into prescricao_venda values (7557, 25171, '2020-11-11', 'Aerius', 955); 
insert into venda_farmacia values (913, '2020-10-23', 'Brufen', 57, 63.96, 'farmacia 2 de Arouca'); 
insert into prescricao_venda values (3528, 21559, '2020-09-25', 'Brufen', 913); 
insert into venda_farmacia values (427, '2019-02-11', 'Aspirina', 99, 77.43, 'farmacia 1 de Póvoa de Lanhoso'); 
insert into prescricao_venda values (3015, 83715, '2019-01-14', 'Aspirina', 427); 
insert into venda_farmacia values (701, '2020-10-23', 'Aspirina', 94, 48.26, 'farmacia 2 de Arouca'); 
insert into prescricao_venda values (3133, 24323, '2020-10-12', 'Aspirina', 701); 
insert into venda_farmacia values (159, '2020-10-31', 'Aspirina', 19, 54.18, 'farmacia 1 de Arouca'); 
insert into prescricao_venda values (1446, 68244, '2020-10-16', 'Aspirina', 159); 
insert into venda_farmacia values (662, '2020-01-23', 'Brufen', 78, 44.98, 'farmacia 2 de Arouca'); 
insert into prescricao_venda values (5422, 36032, '2020-01-14', 'Brufen', 662); 
insert into venda_farmacia values (247, '2020-07-02', 'Brufen', 85, 40.36, 'farmacia 1 de Arouca'); 
insert into prescricao_venda values (3133, 27067, '2020-06-04', 'Brufen', 247); 
insert into venda_farmacia values (265, '2020-01-18', 'Benuron', 43, 15.21, 'farmacia 2 de Arouca'); 
insert into prescricao_venda values (4361, 25496, '2020-01-06', 'Benuron', 265); 
insert into venda_farmacia values (641, '2020-10-10', 'Aspirina', 23, 75.09, 'farmacia 1 de Paredes de Coura'); 
insert into prescricao_venda values (5911, 59044, '2020-08-28', 'Aspirina', 641); 
insert into venda_farmacia values (186, '2019-12-13', 'Aspirina', 90, 77.43, 'farmacia 1 de Arouca'); 
insert into prescricao_venda values (9539, 68871, '2019-11-05', 'Aspirina', 186); 
insert into venda_farmacia values (281, '2019-03-31', 'Aspirina', 76, 81.31, 'farmacia 1 de Arouca'); 
insert into prescricao_venda values (3537, 87073, '2019-02-27', 'Aspirina', 281); 
insert into venda_farmacia values (938, '2020-06-20', 'Brufen', 74, 72.07, 'farmacia 1 de Arouca'); 
insert into prescricao_venda values (5075, 34314, '2020-06-19', 'Brufen', 938); 
insert into venda_farmacia values (255, '2019-04-21', 'Gaviscon', 80, 19.77, 'farmacia 1 de Arouca'); 
insert into prescricao_venda values (3537, 87073, '2019-02-27', 'Gaviscon', 255); 
insert into venda_farmacia values (722, '2020-05-24', 'Aerius', 65, 59.07, 'farmacia 1 de Arouca'); 
insert into prescricao_venda values (5911, 85011, '2020-05-21', 'Aerius', 722); 
insert into venda_farmacia values (680, '2021-01-03', 'Aspirina', 23, 89.1, 'farmacia 1 de Arouca'); 
insert into prescricao_venda values (7557, 25171, '2020-11-11', 'Aspirina', 680); 
insert into venda_farmacia values (760, '2019-08-21', 'Aspirina', 2, 9.06, 'farmacia 1 de Arouca'); 
insert into prescricao_venda values (7557, 32527, '2019-07-05', 'Aspirina', 760); 
insert into venda_farmacia values (134, '2019-11-13', 'Aspirina', 22, 96.52, 'farmacia 3 de Almeirim'); 
insert into prescricao_venda values (7557, 21643, '2019-11-05', 'Aspirina', 134); 
insert into venda_farmacia values (445, '2019-04-04', 'Aspirina', 26, 55.37, 'farmacia 1 de Setúbal'); 
insert into prescricao_venda values (9539, 18847, '2019-02-15', 'Aspirina', 445); 
insert into venda_farmacia values (988, '2019-07-22', 'Aspirina', 80, 13.58, 'farmacia 1 de Arouca'); 
insert into prescricao_venda values (7010, 26635, '2019-06-24', 'Aspirina', 988); 
insert into venda_farmacia values (180, '2020-03-26', 'Aspirina', 90, 73.09, 'farmacia 1 de Arouca'); 
insert into prescricao_venda values (5911, 31256, '2020-03-23', 'Aspirina', 180); 
insert into venda_farmacia values (795, '2020-11-30', 'Aspirina', 5, 43.61, 'farmacia 2 de Arouca'); 
insert into prescricao_venda values (8274, 36792, '2020-11-24', 'Aspirina', 795); 
insert into venda_farmacia values (689, '2020-07-29', 'Aspirina', 50, 55.75, 'farmacia 1 de Arouca'); 
insert into prescricao_venda values (7075, 86409, '2020-06-16', 'Aspirina', 689); 
insert into venda_farmacia values (279, '2019-11-11', 'Fenistil', 1, 93.75, 'farmacia 2 de Arouca'); 
insert into prescricao_venda values (7557, 21643, '2019-11-05', 'Fenistil', 279); 
insert into venda_farmacia values (581, '2020-01-19', 'Gaviscon', 50, 94.41, 'farmacia 2 de Arouca'); 
insert into prescricao_venda values (6434, 61616, '2020-01-16', 'Gaviscon', 581); 
insert into venda_farmacia values (377, '2020-01-15', 'Aspirina', 89, 90.04, 'farmacia 2 de Arouca'); 
insert into prescricao_venda values (3091, 36413, '2019-12-23', 'Aspirina', 377); 
insert into venda_farmacia values (229, '2019-04-10', 'Aspirina', 54, 25.95, 'farmacia 2 de Arouca'); 
insert into prescricao_venda values (9079, 58928, '2019-03-04', 'Aspirina', 229); 
insert into venda_farmacia values (706, '2020-07-26', 'Aspirina', 34, 23.47, 'farmacia 2 de Arouca'); 
insert into prescricao_venda values (3528, 25580, '2020-06-17', 'Aspirina', 706); 
insert into venda_farmacia values (797, '2019-04-14', 'Aspirina', 78, 41.3, 'farmacia 1 de Arouca'); 
insert into prescricao_venda values (3091, 59049, '2019-02-18', 'Aspirina', 797); 
insert into venda_farmacia values (142, '2019-09-12', 'Aspirina', 59, 84.48, 'farmacia 3 de Mafra'); 
insert into prescricao_venda values (1446, 95500, '2019-08-09', 'Aspirina', 142); 
insert into venda_farmacia values (884, '2019-08-15', 'Aspirina', 63, 21.33, 'farmacia 2 de Arouca'); 
insert into prescricao_venda values (4361, 61000, '2019-08-07', 'Aspirina', 884); 
insert into venda_farmacia values (146, '2020-07-30', 'Fenistil', 57, 20.71, 'farmacia 1 de Póvoa de Varzim'); 
insert into prescricao_venda values (3133, 78381, '2020-07-23', 'Fenistil', 146); 
insert into venda_farmacia values (637, '2019-07-23', 'Fenistil', 78, 36.31, 'farmacia 3 de Mirandela'); 
insert into prescricao_venda values (7557, 32527, '2019-07-05', 'Fenistil', 637); 
insert into venda_farmacia values (917, '2021-01-20', 'Brufen', 15, 76.44, 'farmacia 1 de Avis'); 
insert into prescricao_venda values (4361, 39214, '2020-12-17', 'Brufen', 917); 
insert into venda_farmacia values (462, '2021-01-10', 'Aspirina', 3, 5.48, 'farmacia 1 de Arouca'); 
insert into prescricao_venda values (3015, 49424, '2020-11-30', 'Aspirina', 462); 
insert into venda_farmacia values (597, '2020-11-27', 'Aspirina', 85, 3.12, 'farmacia 1 de Arouca'); 
insert into prescricao_venda values (3133, 26289, '2020-10-23', 'Aspirina', 597); 
insert into venda_farmacia values (606, '2019-02-01', 'Fenistil', 71, 66.12, 'farmacia 1 de Arouca'); 
insert into prescricao_venda values (3015, 83715, '2019-01-14', 'Fenistil', 606); 
insert into venda_farmacia values (407, '2019-08-23', 'Benuron', 72, 73.44, 'farmacia 2 de Arouca'); 
insert into prescricao_venda values (9079, 81820, '2019-07-26', 'Benuron', 407); 
insert into venda_farmacia values (742, '2020-11-07', 'Fenistil', 85, 8.64, 'farmacia 2 de Arouca'); 
insert into prescricao_venda values (3133, 24323, '2020-10-12', 'Fenistil', 742); 
insert into venda_farmacia values (809, '2020-03-29', 'Aerius', 11, 79.52, 'farmacia 1 de Arouca'); 
insert into prescricao_venda values (1446, 56964, '2020-03-19', 'Aerius', 809); 
insert into venda_farmacia values (169, '2020-09-18', 'Benuron', 82, 0.39, 'farmacia 2 de Arouca'); 
insert into prescricao_venda values (9079, 77122, '2020-08-07', 'Benuron', 169); 
insert into venda_farmacia values (609, '2020-01-30', 'Aspirina', 44, 20.02, 'farmacia 1 de Loures'); 
insert into prescricao_venda values (6434, 61616, '2020-01-16', 'Aspirina', 609); 
insert into venda_farmacia values (252, '2021-01-13', 'Aspirina', 48, 22.47, 'farmacia 2 de Arouca'); 
insert into prescricao_venda values (6434, 64870, '2020-12-28', 'Aspirina', 252); 
insert into venda_farmacia values (170, '2020-01-17', 'Aspirina', 70, 93.79, 'farmacia 1 de Arouca'); 
insert into prescricao_venda values (8150, 46791, '2019-12-13', 'Aspirina', 170); 
insert into venda_farmacia values (616, '2020-06-11', 'Benuron', 22, 33.08, 'farmacia 1 de Monchique'); 
insert into prescricao_venda values (3091, 52948, '2020-05-26', 'Benuron', 616); 
insert into venda_farmacia values (232, '2020-08-15', 'Gaviscon', 36, 48.34, 'farmacia 1 de Pampilhosa da Serra'); 
insert into prescricao_venda values (9079, 77122, '2020-08-07', 'Gaviscon', 232); 
insert into venda_farmacia values (610, '2020-01-30', 'Aspirina', 66, 35.59, 'farmacia 1 de Arouca'); 
insert into prescricao_venda values (9079, 48023, '2020-01-15', 'Aspirina', 610); 
insert into venda_farmacia values (636, '2020-08-16', 'Aspirina', 5, 65.12, 'farmacia 1 de Vila Velha de Ródão'); 
insert into prescricao_venda values (3133, 57326, '2020-07-20', 'Aspirina', 636); 
insert into venda_farmacia values (708, '2020-04-23', 'Aspirina', 21, 35.92, 'farmacia 1 de Arouca'); 
insert into prescricao_venda values (3537, 96016, '2020-03-09', 'Aspirina', 708); 
insert into venda_farmacia values (585, '2020-11-12', 'Aerius', 51, 46.11, 'farmacia 2 de Arouca'); 
insert into prescricao_venda values (3133, 24323, '2020-10-12', 'Aerius', 585); 
insert into venda_farmacia values (927, '2019-05-12', 'Aspirina', 7, 63.51, 'farmacia 2 de Arouca'); 
insert into prescricao_venda values (5309, 42582, '2019-03-15', 'Aspirina', 927); 
insert into venda_farmacia values (286, '2020-05-31', 'Aspirina', 10, 2.4, 'farmacia 2 de Arouca'); 
insert into prescricao_venda values (3537, 23007, '2020-04-03', 'Aspirina', 286); 
insert into venda_farmacia values (111, '2020-01-04', 'Aspirina', 13, 96.66, 'farmacia 1 de Arouca'); 
insert into prescricao_venda values (3015, 18989, '2019-12-02', 'Aspirina', 111); 
insert into venda_farmacia values (788, '2019-06-18', 'Aspirina', 43, 79.18, 'farmacia 2 de Arouca'); 
insert into prescricao_venda values (5422, 27081, '2019-06-12', 'Aspirina', 788); 
insert into venda_farmacia values (192, '2019-09-22', 'Aspirina', 62, 71.5, 'farmacia 2 de Arouca'); 
insert into prescricao_venda values (3133, 79805, '2019-09-03', 'Aspirina', 192); 
insert into venda_farmacia values (195, '2019-05-11', 'Gaviscon', 22, 25.4, 'farmacia 1 de Melgaço'); 
insert into prescricao_venda values (5309, 42582, '2019-03-15', 'Gaviscon', 195); 
insert into venda_farmacia values (365, '2019-03-05', 'Gaviscon', 66, 88.45, 'farmacia 2 de Arouca'); 
insert into prescricao_venda values (5422, 36856, '2019-01-29', 'Gaviscon', 365); 
insert into venda_farmacia values (720, '2019-01-11', 'Aspirina', 8, 69.69, 'farmacia 1 de Arouca'); 
insert into prescricao_venda values (3528, 22659, '2019-01-02', 'Aspirina', 720); 
insert into venda_farmacia values (923, '2019-12-16', 'Aspirina', 59, 35.6, 'farmacia 2 de Arouca'); 
insert into prescricao_venda values (5075, 96608, '2019-12-03', 'Aspirina', 923); 
insert into venda_farmacia values (173, '2020-08-18', 'Aspirina', 18, 37.82, 'farmacia 1 de Mértola'); 
insert into prescricao_venda values (5075, 34314, '2020-06-19', 'Aspirina', 173); 
insert into venda_farmacia values (476, '2020-02-11', 'Gaviscon', 8, 82.84, 'farmacia 1 de Arouca'); 
insert into prescricao_venda values (3528, 82842, '2019-12-19', 'Gaviscon', 476); 
insert into venda_farmacia values (820, '2020-03-22', 'Aspirina', 47, 60.52, 'farmacia 1 de Barrancos'); 
insert into prescricao_venda values (8274, 73766, '2020-03-06', 'Aspirina', 820); 
insert into venda_farmacia values (357, '2020-01-12', 'Aspirina', 23, 32.65, 'farmacia 3 de Tomar'); 
insert into prescricao_venda values (3133, 61071, '2020-01-07', 'Aspirina', 357); 
insert into venda_farmacia values (687, '2019-08-26', 'Aspirina', 63, 13.6, 'farmacia 2 de Arouca'); 
insert into prescricao_venda values (7075, 15920, '2019-08-19', 'Aspirina', 687); 
insert into venda_farmacia values (705, '2020-01-16', 'Aspirina', 20, 8.57, 'farmacia 2 de Arouca'); 
insert into prescricao_venda values (5422, 36032, '2020-01-14', 'Aspirina', 705); 
insert into venda_farmacia values (731, '2020-05-24', 'Aspirina', 92, 92.17, 'farmacia 1 de Arouca'); 
insert into prescricao_venda values (3133, 82536, '2020-05-14', 'Aspirina', 731); 
insert into venda_farmacia values (993, '2019-04-29', 'Aspirina', 8, 69.61, 'farmacia 1 de Arouca'); 
insert into prescricao_venda values (4361, 99876, '2019-03-06', 'Aspirina', 993); 
insert into venda_farmacia values (635, '2020-12-14', 'Aspirina', 23, 38.85, 'farmacia 2 de Alcácer do Sal'); 
insert into venda_farmacia values (709, '2020-12-13', 'Brufen', 3, 77.08, 'farmacia 1 de Mortágua'); 
insert into venda_farmacia values (655, '2020-11-19', 'Aspirina', 52, 7.94, 'farmacia 2 de Arouca'); 
insert into venda_farmacia values (898, '2020-12-15', 'Brufen', 33, 11.09, 'farmacia 2 de Pampilhosa da Serra'); 
insert into venda_farmacia values (848, '2020-11-21', 'Benuron', 23, 38.23, 'farmacia 3 de Borba'); 
insert into venda_farmacia values (206, '2020-11-27', 'Fenistil', 19, 5.98, 'farmacia 1 de Peniche'); 
insert into venda_farmacia values (549, '2020-11-24', 'Brufen', 60, 97.68, 'farmacia 1 de Vila Franca de Xira'); 
insert into venda_farmacia values (250, '2020-11-19', 'Fenistil', 69, 12.87, 'farmacia 1 de Sintra'); 
insert into venda_farmacia values (949, '2020-12-07', 'Aspirina', 60, 64.41, 'farmacia 2 de Alenquer'); 
insert into venda_farmacia values (227, '2020-11-27', 'Aspirina', 76, 45.28, 'farmacia 1 de Ponte de Sor'); 
insert into venda_farmacia values (322, '2020-11-30', 'Aspirina', 65, 38.7, 'farmacia 2 de Campo Maior'); 
insert into venda_farmacia values (796, '2020-11-20', 'Brufen', 15, 96.63, 'farmacia 1 de Barrancos'); 
insert into venda_farmacia values (490, '2020-11-30', 'Aerius', 46, 23.36, 'farmacia 1 de Anadia'); 
insert into venda_farmacia values (885, '2020-11-28', 'Benuron', 85, 58.24, 'farmacia 3 de Castanheira de Pêra'); 
insert into venda_farmacia values (282, '2020-11-28', 'Aspirina', 91, 84.41, 'farmacia 2 de Penafiel'); 
insert into venda_farmacia values (648, '2020-12-06', 'Aspirina', 6, 82.46, 'farmacia 1 de Póvoa de Lanhoso'); 
insert into venda_farmacia values (702, '2020-11-30', 'Aspirina', 29, 41.26, 'farmacia 2 de Maia'); 
insert into venda_farmacia values (851, '2020-12-13', 'Aspirina', 74, 5.34, 'farmacia 3 de Borba'); 
insert into venda_farmacia values (805, '2020-11-27', 'Aspirina', 90, 85.5, 'farmacia 1 de Castro Marim'); 
insert into venda_farmacia values (492, '2020-12-08', 'Aspirina', 35, 3.78, 'farmacia 1 de Barrancos'); 
insert into venda_farmacia values (900, '2020-12-13', 'Aspirina', 52, 40.26, 'farmacia 3 de Abrantes'); 
insert into venda_farmacia values (743, '2020-11-18', 'Gaviscon', 83, 39.16, 'farmacia 1 de Santa Marta de Penaguião'); 
insert into venda_farmacia values (956, '2020-11-18', 'Aspirina', 69, 80.34, 'farmacia 3 de Vila de Rei'); 
insert into venda_farmacia values (794, '2020-11-21', 'Aspirina', 12, 78.83, 'farmacia 1 de Avis'); 
insert into venda_farmacia values (508, '2020-11-22', 'Aspirina', 59, 5.16, 'farmacia 1 de Nisa'); 
insert into venda_farmacia values (458, '2020-11-28', 'Aspirina', 95, 54.6, 'farmacia 2 de Abrantes'); 
insert into venda_farmacia values (759, '2020-11-30', 'Benuron', 51, 99.34, 'farmacia 1 de Monchique'); 
insert into venda_farmacia values (842, '2020-11-28', 'Aspirina', 83, 34.0, 'farmacia 3 de Castelo Branco'); 
insert into venda_farmacia values (962, '2020-12-09', 'Aspirina', 100, 82.72, 'farmacia 1 de Cantanhede'); 
insert into venda_farmacia values (575, '2020-12-02', 'Fenistil', 37, 16.3, 'farmacia 2 de Ponte da Barca'); 
insert into venda_farmacia values (932, '2020-11-29', 'Aspirina', 76, 17.9, 'farmacia 2 de Amares'); 
insert into venda_farmacia values (551, '2020-11-17', 'Benuron', 1, 83.57, 'farmacia 1 de Vale de Cambra'); 
insert into venda_farmacia values (577, '2020-12-08', 'Aspirina', 6, 44.95, 'farmacia 2 de Vila Velha de Ródão'); 
insert into venda_farmacia values (285, '2020-11-19', 'Benuron', 68, 74.92, 'farmacia 3 de Matosinhos'); 
insert into venda_farmacia values (711, '2020-12-12', 'Aspirina', 8, 15.48, 'farmacia 1 de Santo Tirso'); 
insert into venda_farmacia values (623, '2020-12-08', 'Brufen', 65, 52.01, 'farmacia 1 de Mesão Frio'); 
insert into venda_farmacia values (100, '2020-12-02', 'Aspirina', 92, 51.9, 'farmacia 1 de Castro Marim'); 
insert into venda_farmacia values (818, '2020-12-08', 'Aspirina', 84, 3.31, 'farmacia 1 de Macedo de Cavaleiros'); 
insert into venda_farmacia values (748, '2020-12-14', 'Aspirina', 67, 32.26, 'farmacia 2 de Mealhada'); 
insert into venda_farmacia values (903, '2020-12-09', 'Aspirina', 65, 12.62, 'farmacia 2 de Penalva do Castelo'); 
insert into venda_farmacia values (889, '2020-11-17', 'Aspirina', 13, 1.67, 'farmacia 1 de Celorico da Beira'); 
insert into venda_farmacia values (465, '2020-11-24', 'Aspirina', 5, 98.04, 'farmacia 3 de Tomar'); 
insert into venda_farmacia values (112, '2020-12-06', 'Brufen', 100, 51.76, 'farmacia 1 de Carregal do Sal'); 
insert into venda_farmacia values (413, '2020-12-04', 'Aspirina', 73, 56.77, 'farmacia 1 de Coimbra'); 
insert into venda_farmacia values (230, '2020-12-05', 'Aspirina', 96, 93.4, 'farmacia 1 de Mogadouro'); 
insert into venda_farmacia values (182, '2020-11-17', 'Aspirina', 99, 19.65, 'farmacia 2 de Alcoutim'); 
insert into venda_farmacia values (738, '2020-11-30', 'Brufen', 63, 60.31, 'farmacia 1 de Santiago do Cacém'); 
insert into venda_farmacia values (669, '2020-11-18', 'Aspirina', 95, 99.55, 'farmacia 1 de Sines'); 
insert into venda_farmacia values (886, '2020-12-06', 'Aspirina', 66, 17.6, 'farmacia 2 de Fundão'); 
insert into venda_farmacia values (166, '2020-12-07', 'Aspirina', 85, 96.96, 'farmacia 3 de Baião'); 
insert into venda_farmacia values (964, '2020-12-06', 'Fenistil', 70, 75.89, 'farmacia 1 de Coruche'); 
insert into venda_farmacia values (563, '2020-12-11', 'Aerius', 65, 12.27, 'farmacia 2 de Celorico da Beira'); 
insert into venda_farmacia values (656, '2020-12-03', 'Aspirina', 27, 56.03, 'farmacia 2 de Cinfães'); 
insert into venda_farmacia values (209, '2020-12-10', 'Fenistil', 66, 31.84, 'farmacia 2 de Peniche'); 
insert into venda_farmacia values (673, '2020-11-20', 'Aspirina', 64, 37.8, 'farmacia 2 de Penalva do Castelo'); 
insert into venda_farmacia values (160, '2020-12-02', 'Brufen', 31, 32.44, 'farmacia 1 de Porto de Mós'); 
insert into venda_farmacia values (114, '2020-11-19', 'Aspirina', 57, 11.26, 'farmacia 1 de Vale de Cambra'); 
insert into venda_farmacia values (735, '2020-12-04', 'Aspirina', 11, 49.88, 'farmacia 1 de Mortágua'); 
insert into venda_farmacia values (248, '2020-12-08', 'Aspirina', 40, 42.47, 'farmacia 2 de Alenquer'); 
insert into venda_farmacia values (756, '2020-11-23', 'Aspirina', 81, 21.45, 'farmacia 2 de Portel'); 
insert into venda_farmacia values (721, '2020-12-15', 'Aspirina', 46, 76.64, 'farmacia 3 de Abrantes'); 
insert into venda_farmacia values (977, '2020-11-27', 'Aspirina', 99, 24.88, 'farmacia 3 de Porto'); 
insert into venda_farmacia values (712, '2020-11-19', 'Aspirina', 69, 9.43, 'farmacia 2 de Alcoutim'); 
insert into venda_farmacia values (921, '2020-11-17', 'Aspirina', 10, 92.9, 'farmacia 3 de Mafra'); 
insert into venda_farmacia values (553, '2020-12-09', 'Aspirina', 98, 25.38, 'farmacia 1 de Melgaço'); 
insert into venda_farmacia values (449, '2020-12-07', 'Aspirina', 54, 71.97, 'farmacia 3 de Mirandela'); 
insert into venda_farmacia values (482, '2020-11-24', 'Aerius', 96, 49.34, 'farmacia 3 de Baião'); 
insert into venda_farmacia values (741, '2020-11-23', 'Aspirina', 100, 95.38, 'farmacia 1 de Coruche'); 
insert into venda_farmacia values (384, '2020-12-08', 'Aspirina', 87, 12.31, 'farmacia 1 de Castro Marim'); 
insert into venda_farmacia values (478, '2020-11-30', 'Aspirina', 91, 53.42, 'farmacia 1 de Vila Nova de Foz Côa'); 
insert into venda_farmacia values (191, '2020-12-05', 'Aspirina', 89, 19.42, 'farmacia 1 de Arouca'); 
insert into venda_farmacia values (452, '2020-11-29', 'Aspirina', 20, 79.27, 'farmacia 1 de Póvoa de Lanhoso'); 
insert into venda_farmacia values (567, '2020-12-04', 'Aspirina', 43, 3.37, 'farmacia 2 de Vagos'); 
insert into venda_farmacia values (277, '2020-12-11', 'Aspirina', 78, 37.46, 'farmacia 1 de Águeda'); 
insert into venda_farmacia values (846, '2020-12-14', 'Aspirina', 77, 83.68, 'farmacia 2 de Mealhada'); 
insert into venda_farmacia values (205, '2020-12-14', 'Benuron', 92, 94.41, 'farmacia 1 de Resende'); 
insert into venda_farmacia values (187, '2020-12-13', 'Aerius', 99, 47.01, 'farmacia 2 de Pampilhosa da Serra'); 
insert into venda_farmacia values (139, '2020-11-25', 'Aspirina', 28, 56.64, 'farmacia 2 de Matosinhos'); 
insert into venda_farmacia values (448, '2020-12-12', 'Aspirina', 73, 85.97, 'farmacia 1 de Celorico da Beira'); 
insert into venda_farmacia values (979, '2020-11-30', 'Benuron', 47, 64.03, 'farmacia 3 de Matosinhos'); 
insert into venda_farmacia values (128, '2020-12-07', 'Aspirina', 11, 45.41, 'farmacia 3 de Góis'); 
insert into venda_farmacia values (178, '2020-12-06', 'Brufen', 72, 12.13, 'farmacia 1 de Vinhais'); 
insert into venda_farmacia values (619, '2020-11-27', 'Brufen', 17, 43.75, 'farmacia 1 de Vendas Novas'); 
insert into venda_farmacia values (537, '2020-12-01', 'Aspirina', 77, 41.28, 'farmacia 2 de Peniche'); 
insert into venda_farmacia values (217, '2020-12-10', 'Aspirina', 84, 36.4, 'farmacia 1 de Anadia'); 
insert into venda_farmacia values (685, '2020-12-12', 'Gaviscon', 91, 59.84, 'farmacia 3 de Silves'); 
insert into venda_farmacia values (545, '2020-12-12', 'Aspirina', 7, 96.48, 'farmacia 1 de Manteigas'); 
insert into venda_farmacia values (363, '2020-12-10', 'Aspirina', 22, 68.79, 'farmacia 2 de Ponte da Barca'); 
insert into venda_farmacia values (345, '2020-12-12', 'Aspirina', 37, 41.71, 'farmacia 1 de Santa Marta de Penaguião'); 
insert into venda_farmacia values (716, '2020-12-13', 'Benuron', 23, 42.75, 'farmacia 1 de Vieira do Minho'); 
insert into venda_farmacia values (897, '2020-11-21', 'Aerius', 11, 50.13, 'farmacia 2 de Ponte da Barca'); 
insert into venda_farmacia values (287, '2020-12-08', 'Benuron', 53, 73.28, 'farmacia 1 de Vila Nova de Famalicão'); 
insert into venda_farmacia values (972, '2020-11-23', 'Benuron', 7, 21.6, 'farmacia 1 de Santa Maria da Feira'); 
insert into venda_farmacia values (812, '2020-11-28', 'Aspirina', 18, 93.74, 'farmacia 2 de Castro Daire'); 
insert into venda_farmacia values (220, '2020-11-25', 'Aspirina', 49, 63.91, 'farmacia 1 de Valpaços'); 
insert into venda_farmacia values (461, '2020-11-18', 'Aspirina', 84, 29.63, 'farmacia 1 de Mogadouro'); 
insert into venda_farmacia values (302, '2020-11-19', 'Fenistil', 42, 64.55, 'farmacia 1 de Vila Real de Santo António'); 
insert into venda_farmacia values (456, '2020-11-22', 'Aspirina', 75, 78.63, 'farmacia 2 de Maia'); 
insert into venda_farmacia values (489, '2020-11-19', 'Aspirina', 27, 17.85, 'farmacia 1 de Santo Tirso'); 
insert into venda_farmacia values (764, '2020-12-08', 'Aspirina', 44, 50.26, 'farmacia 1 de Santo Tirso'); 
insert into venda_farmacia values (866, '2019-08-15', 'Aspirina', 96, 6.37, 'farmacia 2 de Felgueiras'); 
insert into venda_farmacia values (388, '2019-07-04', 'Aspirina', 23, 61.32, 'farmacia 2 de Matosinhos'); 
insert into venda_farmacia values (872, '2020-09-23', 'Brufen', 99, 66.05, 'farmacia 1 de Vila Franca de Xira'); 
insert into venda_farmacia values (473, '2019-06-18', 'Aspirina', 1, 78.15, 'farmacia 1 de Sintra'); 
insert into venda_farmacia values (936, '2020-05-20', 'Aspirina', 99, 22.06, 'farmacia 1 de Vila Nova de Cerveira'); 
insert into venda_farmacia values (940, '2019-01-03', 'Aspirina', 22, 4.93, 'farmacia 2 de Sernancelhe'); 
insert into venda_farmacia values (141, '2020-12-21', 'Aspirina', 86, 23.42, 'farmacia 2 de Valpaços'); 
insert into venda_farmacia values (810, '2020-03-02', 'Aspirina', 30, 94.8, 'farmacia 3 de Mirandela'); 
insert into venda_farmacia values (667, '2020-03-11', 'Aerius', 95, 71.61, 'farmacia 3 de Tomar'); 
insert into venda_farmacia values (324, '2019-02-28', 'Aspirina', 86, 3.45, 'farmacia 2 de Valpaços'); 
insert into venda_farmacia values (504, '2019-02-15', 'Fenistil', 78, 48.39, 'farmacia 1 de Montemor-o-Novo'); 
insert into venda_farmacia values (270, '2020-09-19', 'Brufen', 2, 25.04, 'farmacia 2 de Monforte'); 
insert into venda_farmacia values (355, '2019-08-13', 'Aspirina', 15, 31.77, 'farmacia 1 de Vila Nova de Famalicão'); 
insert into venda_farmacia values (555, '2020-12-08', 'Benuron', 1, 44.05, 'farmacia 1 de Nisa'); 
insert into venda_farmacia values (564, '2019-05-02', 'Gaviscon', 57, 28.26, 'farmacia 2 de Celorico da Beira'); 
insert into venda_farmacia values (204, '2019-02-26', 'Aspirina', 36, 78.18, 'farmacia 3 de Vila de Rei'); 
insert into venda_farmacia values (292, '2020-02-24', 'Brufen', 4, 96.19, 'farmacia 1 de Santa Maria da Feira'); 
insert into venda_farmacia values (172, '2020-11-20', 'Brufen', 100, 19.11, 'farmacia 1 de Valpaços'); 
insert into venda_farmacia values (375, '2020-06-10', 'Aspirina', 22, 30.48, 'farmacia 1 de Santo Tirso'); 
insert into venda_farmacia values (608, '2019-08-09', 'Aspirina', 32, 47.71, 'farmacia 1 de Vila Nova de Foz Côa'); 
insert into venda_farmacia values (253, '2020-08-04', 'Aspirina', 67, 79.92, 'farmacia 1 de Mação'); 
insert into venda_farmacia values (389, '2020-01-04', 'Gaviscon', 16, 68.31, 'farmacia 3 de Penamacor'); 
insert into venda_farmacia values (183, '2020-01-15', 'Aspirina', 88, 12.51, 'farmacia 1 de Loures'); 
insert into venda_farmacia values (316, '2020-06-11', 'Aspirina', 46, 55.93, 'farmacia 3 de Baião'); 
insert into venda_farmacia values (924, '2020-08-16', 'Benuron', 14, 11.61, 'farmacia 3 de Bragança'); 
insert into venda_farmacia values (356, '2020-06-30', 'Fenistil', 83, 72.23, 'farmacia 2 de Braga'); 
insert into venda_farmacia values (386, '2019-09-10', 'Aspirina', 38, 66.87, 'farmacia 1 de Mogadouro'); 
insert into venda_farmacia values (775, '2020-05-08', 'Aspirina', 34, 67.45, 'farmacia 1 de Mação'); 
insert into venda_farmacia values (658, '2019-08-02', 'Aerius', 53, 69.34, 'farmacia 1 de Vila Real'); 
insert into venda_farmacia values (749, '2020-12-03', 'Benuron', 75, 58.04, 'farmacia 1 de Vila Franca de Xira'); 
insert into venda_farmacia values (933, '2019-07-20', 'Brufen', 13, 8.86, 'farmacia 1 de Vale de Cambra'); 
insert into venda_farmacia values (514, '2019-10-20', 'Aspirina', 87, 21.62, 'farmacia 1 de Vieira do Minho'); 
insert into venda_farmacia values (349, '2019-12-25', 'Brufen', 92, 68.5, 'farmacia 2 de Campo Maior'); 
insert into venda_farmacia values (308, '2019-10-18', 'Aerius', 19, 99.18, 'farmacia 2 de Arronches'); 
insert into venda_farmacia values (347, '2019-05-07', 'Aspirina', 87, 21.37, 'farmacia 2 de Braga'); 
insert into venda_farmacia values (621, '2020-07-13', 'Gaviscon', 67, 52.73, 'farmacia 1 de Vale de Cambra'); 
insert into venda_farmacia values (521, '2020-06-05', 'Aspirina', 61, 71.57, 'farmacia 2 de Felgueiras'); 
insert into venda_farmacia values (887, '2020-07-18', 'Aspirina', 82, 22.04, 'farmacia 1 de Mêda'); 
insert into venda_farmacia values (607, '2020-04-19', 'Aspirina', 87, 57.17, 'farmacia 2 de Amares'); 
insert into venda_farmacia values (595, '2020-09-30', 'Benuron', 71, 21.08, 'farmacia 3 de Penedono'); 
insert into venda_farmacia values (119, '2019-10-30', 'Aspirina', 91, 34.22, 'farmacia 2 de Castro Daire'); 
insert into venda_farmacia values (604, '2020-06-29', 'Aspirina', 50, 46.14, 'farmacia 2 de Benavente'); 
insert into venda_farmacia values (603, '2019-03-28', 'Aspirina', 30, 85.2, 'farmacia 2 de Ponte de Sor'); 
insert into venda_farmacia values (436, '2019-02-03', 'Fenistil', 72, 5.71, 'farmacia 3 de Póvoa de Lanhoso'); 
insert into venda_farmacia values (767, '2020-12-30', 'Aerius', 96, 26.08, 'farmacia 1 de Vendas Novas'); 
insert into venda_farmacia values (179, '2019-05-19', 'Aspirina', 13, 20.34, 'farmacia 2 de Bragança'); 
insert into venda_farmacia values (652, '2020-04-30', 'Aerius', 7, 8.4, 'farmacia 1 de Mourão'); 
insert into venda_farmacia values (190, '2020-09-21', 'Aspirina', 19, 75.75, 'farmacia 1 de Loures'); 
insert into venda_farmacia values (154, '2019-10-09', 'Benuron', 18, 39.45, 'farmacia 3 de Mirandela'); 
insert into venda_farmacia values (409, '2020-03-18', 'Aspirina', 9, 69.4, 'farmacia 3 de Castelo Branco'); 
insert into venda_farmacia values (341, '2019-08-13', 'Aspirina', 94, 18.8, 'farmacia 1 de Valpaços'); 
insert into venda_farmacia values (552, '2019-10-27', 'Aspirina', 88, 60.77, 'farmacia 3 de Vagos'); 
insert into venda_farmacia values (326, '2020-04-09', 'Aspirina', 24, 68.75, 'farmacia 3 de Castelo Branco'); 
insert into venda_farmacia values (870, '2019-09-19', 'Brufen', 66, 95.04, 'farmacia 3 de Benavente'); 
insert into venda_farmacia values (454, '2019-03-13', 'Aspirina', 29, 65.67, 'farmacia 1 de Penafiel'); 
insert into venda_farmacia values (566, '2019-02-20', 'Aspirina', 49, 83.6, 'farmacia 2 de Alcoutim'); 
insert into venda_farmacia values (617, '2019-09-04', 'Aspirina', 94, 44.73, 'farmacia 2 de Resende'); 
insert into venda_farmacia values (853, '2020-03-25', 'Benuron', 21, 36.71, 'farmacia 1 de Santo Tirso'); 
insert into venda_farmacia values (920, '2019-07-07', 'Aspirina', 6, 7.02, 'farmacia 2 de Abrantes'); 
insert into venda_farmacia values (736, '2019-06-11', 'Aspirina', 2, 30.96, 'farmacia 1 de Miranda do Douro'); 
insert into venda_farmacia values (579, '2020-08-21', 'Aspirina', 62, 50.89, 'farmacia 2 de Alenquer'); 
insert into venda_farmacia values (698, '2019-11-26', 'Aspirina', 89, 42.54, 'farmacia 3 de Sobral de Monte Agraço'); 
insert into venda_farmacia values (408, '2020-07-18', 'Benuron', 5, 40.38, 'farmacia 2 de Castro Daire'); 
insert into venda_farmacia values (437, '2020-02-16', 'Aspirina', 14, 3.47, 'farmacia 1 de Mértola'); 
insert into venda_farmacia values (967, '2020-05-22', 'Aerius', 99, 69.75, 'farmacia 1 de Pampilhosa da Serra'); 
insert into venda_farmacia values (367, '2019-06-28', 'Aspirina', 84, 14.7, 'farmacia 2 de Cinfães'); 
insert into venda_farmacia values (328, '2019-07-24', 'Aspirina', 71, 73.22, 'farmacia 2 de Castro Daire'); 
insert into venda_farmacia values (501, '2019-10-02', 'Fenistil', 30, 15.42, 'farmacia 1 de Vila Real de Santo António'); 
insert into venda_farmacia values (116, '2019-07-14', 'Aspirina', 87, 47.05, 'farmacia 2 de Felgueiras'); 
insert into venda_farmacia values (838, '2020-03-26', 'Aspirina', 89, 44.34, 'farmacia 1 de Avis'); 
